,,,,,,,,,,,CouncillorId,2670,2760,2758,2583,3014,2796,2646,2584,2668,2454,2762,2649,2585,2436,3016,2270,2743,2017,2756,2272,2274,2675,2772,2372,2740,2588,2477,3017,2790,2770,2666,2775,2664,3604,2734,2592,2593,2757,2788,3005,2678,2679,2767,2725,2383,2488,2455,2789,2777,2680,2794,2765,2681,2594,2682,2750,2595,2778,3035,2597,2764,3015,2683,2598,2292,2684,2685,2657,3003,3001,3023,2569,2652,2688,2296,2786,2689,2798,2785,3026,2792,2496,2763,2497,3002,2690,2601,3033,2799,2691,2692,2602,2580,2693,2605,2744,2745,2502,2650,2694,2503,3013,2782,2608,2695,3021,2735,3011,2579,2612,2129,3024,2698,2512,3022,2738,2614,2726,3034,2516,2660,2519,2700,2615,3012,2616,2661,2617,2771,2618,3018,2521,2701,2648,2619,2702,2773,2751,2621,2409,2622,2784,2623,2781,3009,2797,2779,2752,2776,2704,2147,2795,3006,2705,2525,2627,2754,3025,2527,3010,2755,3030,3000,2654,2630,3029,3027,2707,2766,3028,2748,3020,2631,2417,2632,2536,2323,2669,3031,2747,2710,3007,3032,2328,2665,2727,2634,2635,2761,2787,2711,2713,2714,2541,2542,2715,2728,2759,2638,3008,,,,,,,
,,,,,,,,,,,CouncillorBioId,3867,4049,4053,1131,4107,4090,1288,1135,3833,404,4058,1289,1138,350,4102,15,4030,21,4050,26,28,3872,4067,307,4025,1104,453,4101,4086,4070,3830,4075,3828,4108,4007,1133,1124,4051,4079,4110,3875,3876,4056,3922,319,464,405,4077,4069,3877,4089,4059,3878,1122,3879,4042,1127,4074,4131,1125,4071,4104,3880,1117,91,3881,3882,1337,4093,4096,4116,806,1295,3885,97,4083,3886,4087,4082,4121,4076,472,4061,473,4103,3887,1156,4129,4094,3888,3889,1103,1071,3890,1126,4031,4032,478,1293,3891,479,4098,4081,1147,3892,4114,4008,4099,1065,1113,487,4118,3895,490,4117,4018,1139,3923,4130,494,1346,542,3897,1112,4097,1141,1345,1137,4063,1111,4106,498,3898,1279,1153,3899,4073,4045,1108,345,1145,4084,1109,4065,4109,4092,4066,4046,4072,3901,173,4091,4111,3902,502,1119,4052,4120,504,4100,4048,4125,4095,1318,1129,4124,4122,3904,4060,4123,4040,4115,1159,354,1120,514,214,3865,4126,4036,3907,4113,4128,224,3829,3924,1123,1110,4054,4085,3908,3910,3911,519,520,3912,3931,4057,1142,4105,,,,,,,
,,,,,,,,,,,CouncillorName,Aebi Andreas,Aebischer Matthias,Aeschi Thomas,Allemann Evi,Amarelle Cesla,Amaudruz Céline,Amherd Viola,Amstutz Adrian,Aubert Josiane,Baader Caspar,Badran Jacqueline,Barthassat Luc,Bäumle Martin,Bernasconi Maria,Bertschy Kathrin,Binder Max,Birrer-Heimo Prisca,Blocher Christoph,Böhni Thomas,Borer Roland F.,Bortoluzzi Toni,Bourgeois Jacques,Brand Heinz,Brunner Toni,Büchel Roland Rino,Büchler Jakob,Bugnon André,Bulliard-Marbach Christine,Buttet Yannick,Candinas Martin,Carobbio Guscetti Marina,Caroni Andrea,Cassis Ignazio,Chevalley Isabelle,Chopard-Acklin Max,Darbellay Christophe,de Buman Dominique,de Courten Thomas,Derder Fathi,Egloff Hans,Eichenberger-Walther Corina,Estermann Yvette,Fässler Daniel,Favre Laurent,Fehr Hans,Fehr Hans-Jürg,Fehr Jacqueline,Feller Olivier,Feri Yvonne,Fiala Doris,Fischer Roland,Flach Beat,Flückiger-Bäni Sylvia,Fluri Kurt,Français Olivier,Frehner Sebastian,Freysinger Oskar,Fridez Pierre-Alain,Friedl Claudia,Galladé Chantal,Gasche Urs,Gasser Josias F.,Geissbühler Andrea Martina,Germanier Jean-René,Giezendanner Ulrich,Gilli Yvonne,Girod Bastien,Glanzmann-Hunkeler Ida,Glättli Balthasar,Gmür Alois,Gössi Petra,Graf Maya,Graf-Litscher Edith,Grin Jean-Pierre,Gross Andreas,Grossen Jürg,Grunder Hans,Gschwind Jean-Paul,Guhl Bernhard,Gysi Barbara,Hadorn Philipp,Haller Vannini Ursula,Hardegger Thomas,Hassler Hansjörg,Hausammann Markus,Heer Alfred,Heim Bea,Herzog Verena,Hess Lorenz,Hiltpold Hugues,Hodgers Antonio,Huber Gabi,Humbel Ruth,Hurter Thomas,Hutter Markus,Ingold Maja,Jans Beat,Joder Rudolf,John-Calame Francine,Jositsch Daniel,Kaufmann Hans,Keller Peter,Kessler Margrit,Kiener Nellen Margret,Killer Hans,Knecht Hansjörg,Landolt Martin,Lehmann Markus,Leuenberger Ueli,Leutenegger Filippo,Leutenegger Oberholzer Susanne,Lohr Christian,Lüscher Christian,Lustenberger Ruedi,Maier Thomas,Maire Jacques-André,Markwalder Christa,Marra Ada,Masshardt Nadine,Meier-Schatz Lucrezia,Moret Isabelle,Mörgeli Christoph,Moser Tiana Angelina,Müller Geri,Müller Leo,Müller Philipp,Müller Thomas,Müller Walter,Müller-Altermatt Stefan,Müri Felix,Naef Martin,Neirynck Jacques,Nidegger Yves,Nordmann Roger,Noser Ruedi,Nussbaumer Eric,Pantani Roberta,Pardini Corrado,Parmelin Guy,Pelli Fulvio,Perrin Yvan,Pezzatti Bruno,Pfister Gerhard,Pieren Nadja,Piller Carrard Valérie,Poggia Mauro,Quadranti Rosmarie,Quadri Lorenzo,Regazzi Fabio,Reimann Lukas,Reimann Maximilian,Reynard Mathias,Ribaux Alain,Rickli Natalie Simone,Riklin Kathy,Rime Jean-François,Ritter Markus,Romano Marco,Rossini Stéphane,Rösti Albert,Rusconi Pierre,Rutz Gregor A.,Rytz Regula,Schelbert Louis,Schenker Silvia,Schilliger Peter,Schläfli Urs,Schmid-Federer Barbara,Schneeberger Daniela,Schneider Schüttel Ursula,Schneider-Schneiter Elisabeth,Schwaab Jean Christophe,Schwander Pirmin,Semadeni Silva,Sommaruga Carlo,Stahl Jürg,Stamm Luzi,Steiert Jean-François,Stolz Daniel,Streiff-Feller Marianne,Thorens Goumaz Adèle,Tornare Manuel,Trede Aline,Tschäppät Alexander,Tschümperlin Andy,van Singer Christian,Veillon Pierre-François,Vischer Daniel,Vitali Albert,Vogler Karl,von Graffenried Alec,von Siebenthal Erich,Voruz Eric,Walter Hansjörg,Wandfluh Hansruedi,Wasserfallen Christian,Weibel Thomas,Wermuth Cédric,Wobmann Walter,Ziörjen Lothar,,,,,,,
,,,,,,,,,,,Rat,NR,NR,NR,NR,NR,NR,NR,NR,NR,NR,NR,NR,NR,NR,NR,NR,NR,NR,NR,NR,NR,NR,NR,NR,NR,NR,NR,NR,NR,NR,NR,NR,NR,NR,NR,NR,NR,NR,NR,NR,NR,NR,NR,NR,NR,NR,NR,NR,NR,NR,NR,NR,NR,NR,NR,NR,NR,NR,NR,NR,NR,NR,NR,NR,NR,NR,NR,NR,NR,NR,NR,NR,NR,NR,NR,NR,NR,NR,NR,NR,NR,NR,NR,NR,NR,NR,NR,NR,NR,NR,NR,NR,NR,NR,NR,NR,NR,NR,NR,NR,NR,NR,NR,NR,NR,NR,NR,NR,NR,NR,NR,NR,NR,NR,NR,NR,NR,NR,NR,NR,NR,NR,NR,NR,NR,NR,NR,NR,NR,NR,NR,NR,NR,NR,NR,NR,NR,NR,NR,NR,NR,NR,NR,NR,NR,NR,NR,NR,NR,NR,NR,NR,NR,NR,NR,NR,NR,NR,NR,NR,NR,NR,NR,NR,NR,NR,NR,NR,NR,NR,NR,NR,NR,NR,NR,NR,NR,NR,NR,NR,NR,NR,NR,NR,NR,NR,NR,NR,NR,NR,NR,NR,NR,NR,NR,NR,NR,NR,NR,NR,,,,,,,
,,,,,,,,,,,Fraktion,V,S,V,S,S,V,CE,V,S,V,S,CE,GL,S,GL,V,S,V,GL,V,V,RL,V,V,V,CE,V,CE,CE,CE,S,RL,RL,GL,S,CE,CE,V,RL,V,RL,V,CE,RL,V,S,S,RL,S,RL,GL,GL,V,RL,RL,V,V,S,S,S,BD,GL,V,RL,V,G,G,CE,G,CE,RL,G,S,V,S,GL,BD,CE,BD,S,S,BD,S,BD,V,V,S,V,BD,RL,G,RL,CE,V,RL,CE,S,V,G,S,V,V,GL,S,V,V,BD,CE,G,RL,S,CE,RL,CE,GL,S,RL,S,S,CE,RL,V,GL,G,CE,RL,V,RL,CE,V,S,CE,V,S,RL,S,V,S,V,RL,V,RL,CE,V,S,-,BD,V,CE,V,V,S,RL,V,CE,V,CE,CE,S,V,V,V,G,G,S,RL,CE,CE,RL,S,CE,S,V,S,S,V,V,S,RL,CE,G,S,G,S,S,G,V,G,RL,CE,G,V,S,V,V,RL,GL,S,V,BD,,,,,,,
,,,,,,,,,,,Kanton,BE,BE,ZG,BE,VD,GE,VS,BE,VD,BL,ZH,GE,ZH,GE,BE,ZH,LU,ZH,TG,SO,ZH,FR,GR,SG,SG,SG,VD,FR,VS,GR,TI,AR,TI,VD,AG,VS,FR,BL,VD,ZH,AG,LU,AI,NE,ZH,SH,ZH,VD,AG,ZH,LU,AG,AG,SO,VD,BS,VS,JU,SG,ZH,BE,GR,BE,VS,AG,SG,ZH,LU,ZH,SZ,SZ,BL,TG,VD,ZH,BE,BE,JU,AG,SG,SO,BE,ZH,GR,TG,ZH,SO,TG,BE,GE,GE,UR,AG,SH,ZH,ZH,BS,BE,NE,ZH,ZH,NW,SG,BE,AG,AG,GL,BS,GE,ZH,BL,TG,GE,LU,ZH,NE,BE,VD,BE,SG,VD,ZH,ZH,AG,LU,AG,SG,SG,SO,LU,ZH,VD,GE,VD,ZH,BL,TI,BE,VD,TI,NE,ZG,ZG,BE,FR,GE,ZH,TI,TI,SG,AG,VS,NE,ZH,ZH,FR,SG,TI,VS,BE,TI,ZH,BE,LU,BS,LU,SO,ZH,BL,FR,BL,VD,SZ,GR,GE,ZH,AG,FR,BS,BE,VD,GE,BE,BE,SZ,VD,VD,ZH,LU,OW,BE,BE,VD,TG,BE,BE,ZH,AG,SO,ZH,,,,,,,
,,,,,,,,,,,Geburtsdatum,1958-11-26,1967-10-18,1979-01-13,1978-07-16,1973-09-14,1979-03-15,1962-06-07,1953-12-02,1949-04-07,1953-10-01,1961-11-12,1960-09-03,1964-06-03,1955-09-14,1979-07-02,1947-11-26,1959-02-04,1940-10-11,1964-12-24,1951-01-27,1947-02-16,1958-03-14,1955-09-06,1974-08-23,1965-10-08,1952-05-29,1947-09-13,1959-10-13,1977-07-12,1980-08-20,1966-06-12,1980-04-19,1961-04-13,1972-04-13,1966-08-30,1971-03-07,1956-04-28,1966-07-29,1970-12-04,1959-11-27,1954-10-14,1967-02-26,1960-08-22,1972-10-14,1947-01-14,1948-08-07,1963-06-01,1974-08-30,1966-03-21,1957-01-29,1965-04-05,1965-01-21,1952-06-01,1955-08-19,1955-10-01,1973-09-02,1960-06-12,1957-11-20,1960-07-19,1972-12-17,1955-03-15,1952-11-17,1976-08-03,1958-12-18,1953-10-31,1957-03-07,1980-12-21,1958-09-29,1972-02-12,1955-04-03,1976-01-12,1962-02-28,1964-03-25,1947-03-16,1952-08-21,1969-08-24,1956-06-13,1952-10-31,1972-06-10,1964-05-14,1967-02-06,1948-11-04,1956-04-02,1953-09-23,1964-09-20,1961-10-12,1946-04-07,1956-02-07,1961-06-28,1969-05-05,1976-02-07,1956-02-29,1957-07-23,1963-11-01,1957-02-20,1948-05-23,1964-07-12,1950-06-10,1954-04-30,1965-03-25,1948-06-13,1971-04-22,1948-12-25,1953-04-17,1948-03-09,1960-03-24,1968-06-30,1955-05-27,1952-03-26,1952-11-25,1948-03-06,1962-04-05,1963-12-06,1950-04-02,1975-08-01,1957-05-27,1975-07-27,1973-03-10,1984-10-04,1952-01-04,1970-12-30,1960-07-16,1979-04-06,1960-10-27,1958-07-04,1952-09-05,1952-12-01,1948-04-25,1976-06-17,1958-01-22,1970-11-10,1931-08-17,1957-05-17,1973-03-23,1961-04-14,1960-07-11,1965-09-19,1965-06-19,1959-11-09,1951-01-26,1966-12-09,1951-03-04,1962-10-01,1980-02-14,1978-09-09,1959-04-25,1957-07-18,1974-11-05,1962-06-22,1982-09-18,1942-05-07,1987-09-07,1962-02-24,1976-11-19,1952-10-21,1950-06-28,1967-04-19,1982-11-06,1963-08-09,1967-08-07,1949-12-03,1972-10-12,1962-03-02,1952-10-31,1954-01-17,1959-06-01,1963-07-20,1965-11-10,1967-09-19,1961-11-26,1964-02-19,1979-08-23,1961-12-28,1952-02-08,1959-07-08,1968-01-16,1952-09-09,1961-02-07,1968-09-16,1957-08-17,1971-12-15,1951-04-20,1983-08-26,1952-04-16,1962-03-11,1950-01-20,1950-04-30,1950-01-16,1955-06-26,1956-03-24,1962-08-16,1958-12-30,1945-07-05,1951-02-05,1952-01-16,1981-06-30,1954-07-14,1986-02-19,1957-11-21,1955-02-24,,,,,,,
,,,,,,,,,,,Vereidigungsdatum,2011-12-05,2011-12-05,2011-12-05,2011-12-05,2011-12-05,2011-12-05,2011-12-05,2011-12-05,2011-12-05,2011-12-05,2011-12-05,2011-12-05,2011-12-05,2011-12-05,2011-12-05,2011-12-05,2011-12-05,2011-12-05,2011-12-05,2011-12-05,2011-12-05,2011-12-05,2011-12-05,2011-12-05,2011-12-05,2011-12-05,2011-12-05,2011-12-05,2011-12-05,2011-12-05,2011-12-05,2011-12-05,2011-12-05,2011-12-05,2011-12-05,2011-12-05,2011-12-05,2011-12-05,2011-12-05,2011-12-05,2011-12-05,2011-12-05,2011-12-05,2011-12-05,2011-12-05,2011-12-05,2011-12-05,2011-12-05,2011-12-05,2011-12-05,2011-12-05,2011-12-05,2011-12-05,2011-12-05,2011-12-05,2011-12-05,2011-12-05,2011-12-05,2013-03-04,2011-12-05,2011-12-05,2011-12-05,2011-12-05,2011-12-05,2011-12-05,2011-12-05,2011-12-05,2011-12-05,2011-12-05,2011-12-05,2011-12-05,2011-12-05,2011-12-05,2011-12-05,2011-12-05,2011-12-05,2011-12-05,2011-12-05,2011-12-05,2011-12-12,2011-12-05,2011-12-05,2011-12-05,2011-12-05,2011-12-05,2011-12-05,2011-12-05,2013-03-04,2011-12-05,2011-12-05,2011-12-05,2011-12-05,2011-12-05,2011-12-05,2011-12-05,2011-12-05,2011-12-05,2011-12-05,2011-12-05,2011-12-05,2011-12-05,2011-12-05,2011-12-05,2011-12-05,2011-12-05,2011-12-05,2011-12-05,2011-12-05,2011-12-05,2011-12-05,2011-12-05,2011-12-05,2011-12-05,2011-12-05,2011-12-05,2011-12-05,2011-12-05,2011-12-05,2013-03-04,2011-12-05,2011-12-05,2011-12-05,2011-12-05,2011-12-05,2011-12-05,2011-12-05,2011-12-05,2011-12-05,2011-12-05,2011-12-05,2011-12-05,2011-12-05,2011-12-05,2011-12-05,2011-12-05,2011-12-05,2011-12-05,2011-12-05,2011-12-05,2011-12-05,2011-12-05,2011-12-05,2011-12-05,2011-12-05,2011-12-05,2011-12-05,2011-12-05,2011-12-05,2011-12-05,2011-12-05,2011-12-05,2011-12-05,2011-12-05,2011-12-05,2011-12-05,2011-12-05,2011-12-05,2011-12-05,2011-12-05,2011-12-05,2011-12-05,2012-11-26,2011-12-05,2011-12-05,2011-12-05,2012-09-10,2011-12-12,2011-12-05,2011-12-05,2012-05-29,2011-12-05,2011-12-05,2011-12-05,2011-12-05,2011-12-05,2011-12-05,2011-12-05,2011-12-05,2012-11-26,2011-12-05,2011-12-05,2011-12-05,2013-03-04,2011-12-05,2011-12-05,2011-12-05,2011-12-05,2011-12-05,2011-12-05,2011-12-05,2011-12-05,2011-12-05,2011-12-05,2011-12-05,2011-12-05,2011-12-05,2011-12-05,2011-12-05,2011-12-05,2011-12-05,,,,,,,
VoteDate,Rat,Kommission,Dept.,AffairId,AffairTitle,VoteRegistrationNumber,VoteMeaningYes,VoteMeaningNo,DivisionText,VoteSubmissionText,,3867,4049,4053,1131,4107,4090,1288,1135,3833,404,4058,1289,1138,350,4102,15,4030,21,4050,26,28,3872,4067,307,4025,1104,453,4101,4086,4070,3830,4075,3828,4108,4007,1133,1124,4051,4079,4110,3875,3876,4056,3922,319,464,405,4077,4069,3877,4089,4059,3878,1122,3879,4042,1127,4074,4131,1125,4071,4104,3880,1117,91,3881,3882,1337,4093,4096,4116,806,1295,3885,97,4083,3886,4087,4082,4121,4076,472,4061,473,4103,3887,1156,4129,4094,3888,3889,1103,1071,3890,1126,4031,4032,478,1293,3891,479,4098,4081,1147,3892,4114,4008,4099,1065,1113,487,4118,3895,490,4117,4018,1139,3923,4130,494,1346,542,3897,1112,4097,1141,1345,1137,4063,1111,4106,498,3898,1279,1153,3899,4073,4045,1108,345,1145,4084,1109,4065,4109,4092,4066,4046,4072,3901,173,4091,4111,3902,502,1119,4052,4120,504,4100,4048,4125,4095,1318,1129,4124,4122,3904,4060,4123,4040,4115,1159,354,1120,514,214,3865,4126,4036,3907,4113,4128,224,3829,3924,1123,1110,4054,4085,3908,3910,3911,519,520,3912,3931,4057,1142,4105,Decision,Ja,Nein,Enth.,Entschuldigung gem. Art. 57 Abs. 4,Hat nicht teilgenommen,Präsident
2013-04-16 08:28:16,NR,"APK-NR, APK-SR",EDA,12.3991,Aufrechterhaltung der Schweizer Botschaft in Guatemala,8799,Antrag der Kommission (Annahme der Motion),Antrag des Bundesrates (Ablehnung der Motion),,,,Ja,Ja,Ja,Ja,Ja,Hat nicht teilgenommen,Ja,Ja,Ja,Ja,Hat nicht teilgenommen,Ja,Ja,Ja,Hat nicht teilgenommen,Ja,Ja,Ja,Ja,Hat nicht teilgenommen,Ja,Enthaltung,Hat nicht teilgenommen,Hat nicht teilgenommen,Ja,Ja,Hat nicht teilgenommen,Ja,Ja,Ja,Ja,Hat nicht teilgenommen,Nein,Ja,Ja,Ja,Ja,Ja,Hat nicht teilgenommen,Hat nicht teilgenommen,Nein,Ja,Entschuldigt,Nein,Ja,Ja,Ja,Ja,Ja,Ja,Ja,Ja,Ja,Hat nicht teilgenommen,Nein,Hat nicht teilgenommen,Hat nicht teilgenommen,Hat nicht teilgenommen,Ja,Ja,Hat nicht teilgenommen,Ja,Hat nicht teilgenommen,Hat nicht teilgenommen,Ja,Ja,Ja,Ja,Ja,Ja,Nein,Der Präsident stimmt nicht,Ja,Ja,Ja,Hat nicht teilgenommen,Hat nicht teilgenommen,Ja,Ja,Ja,Ja,Ja,Ja,Ja,Ja,Hat nicht teilgenommen,Ja,Ja,Hat nicht teilgenommen,Nein,Ja,Nein,Ja,Ja,Nein,Ja,Ja,Hat nicht teilgenommen,Ja,Hat nicht teilgenommen,Ja,Ja,Ja,Ja,Ja,Hat nicht teilgenommen,Ja,Ja,Ja,Hat nicht teilgenommen,Ja,Ja,Nein,Ja,Ja,Ja,Hat nicht teilgenommen,Ja,Ja,Ja,Hat nicht teilgenommen,Hat nicht teilgenommen,Ja,Ja,Ja,Nein,Ja,Enthaltung,Ja,Ja,Ja,Ja,Ja,Ja,Nein,Hat nicht teilgenommen,Ja,Ja,Ja,Nein,Ja,Ja,Ja,Ja,Ja,Ja,Ja,Ja,Ja,Ja,Hat nicht teilgenommen,Ja,Hat nicht teilgenommen,Ja,Ja,Nein,Ja,Ja,Ja,Ja,Ja,Hat nicht teilgenommen,Hat nicht teilgenommen,Ja,Ja,Nein,Ja,Ja,Nein,Ja,Ja,Ja,Ja,Ja,Ja,Ja,Ja,Hat nicht teilgenommen,Nein,Ja,Ja,Ja,Ja,Ja,Ja,Ja,Ja,Ja,Nein,Ja,Ja,Ja,Ja,Hat nicht teilgenommen,Hat nicht teilgenommen,Enthaltung,Ja,Ja,Ja,Ja,Yes,142,17,3,1,36,False
2013-04-16 08:44:18,NR,"APK-NR, APK-SR",EDA,13.3007,Gegen die Schliessung des Generalkonsulates in Chicago,8800,Antrag der Kommission (Annahme der Motion),Antrag des Bundesrates (Ablehnung der Motion),,,,Ja,Ja,Nein,Ja,Ja,Ja,Ja,Ja,Ja,Ja,Hat nicht teilgenommen,Ja,Ja,Ja,Hat nicht teilgenommen,Ja,Ja,Ja,Ja,Hat nicht teilgenommen,Ja,Nein,Hat nicht teilgenommen,Hat nicht teilgenommen,Ja,Ja,Ja,Ja,Ja,Ja,Ja,Hat nicht teilgenommen,Nein,Ja,Ja,Ja,Hat nicht teilgenommen,Nein,Hat nicht teilgenommen,Hat nicht teilgenommen,Nein,Ja,Entschuldigt,Ja,Ja,Ja,Ja,Ja,Ja,Ja,Ja,Ja,Ja,Nein,Nein,Ja,Ja,Ja,Ja,Ja,Hat nicht teilgenommen,Ja,Ja,Hat nicht teilgenommen,Ja,Ja,Ja,Ja,Ja,Ja,Nein,Der Präsident stimmt nicht,Ja,Ja,Ja,Hat nicht teilgenommen,Hat nicht teilgenommen,Ja,Ja,Ja,Ja,Ja,Ja,Ja,Ja,Hat nicht teilgenommen,Ja,Ja,Hat nicht teilgenommen,Nein,Ja,Nein,Ja,Ja,Nein,Ja,Ja,Ja,Ja,Ja,Ja,Ja,Ja,Ja,Ja,Hat nicht teilgenommen,Ja,Ja,Ja,Hat nicht teilgenommen,Ja,Ja,Nein,Ja,Ja,Ja,Nein,Ja,Ja,Ja,Nein,Hat nicht teilgenommen,Ja,Nein,Ja,Nein,Ja,Ja,Ja,Ja,Ja,Ja,Ja,Ja,Nein,Ja,Ja,Ja,Ja,Nein,Ja,Ja,Ja,Ja,Ja,Ja,Ja,Ja,Ja,Ja,Hat nicht teilgenommen,Ja,Hat nicht teilgenommen,Ja,Ja,Nein,Ja,Ja,Ja,Ja,Ja,Hat nicht teilgenommen,Ja,Ja,Ja,Nein,Ja,Ja,Nein,Ja,Ja,Ja,Ja,Ja,Ja,Ja,Ja,Hat nicht teilgenommen,Ja,Ja,Ja,Ja,Ja,Ja,Ja,Ja,Ja,Ja,Nein,Ja,Ja,Ja,Ja,Ja,Hat nicht teilgenommen,Ja,Ja,Ja,Ja,Ja,Yes,153,22,0,1,23,False
2013-04-16 10:03:20,NR,"WAK-NR, WAK-SR",EFD,12.068,"Familieninitiative: Steuerabzüge auch für Eltern, die ihre Kinder selber betreuen. Volksinitiative",8794,Antrag der Kommission (keine Rückweisung),Antrag Streiff-Feller (Rückweisung an den Bundesrat),Rückweisungsantrag,"Bundesbeschluss über die Volksinitiative ""Familieninitiative: Steuerabzüge auch für Eltern, die ihre Kinder selber betreuen""",,Ja,Ja,Ja,Ja,Ja,Ja,Hat nicht teilgenommen,Ja,Ja,Ja,Hat nicht teilgenommen,Ja,Ja,Ja,Ja,Ja,Ja,Ja,Ja,Ja,Ja,Ja,Ja,Ja,Ja,Ja,Ja,Ja,Ja,Ja,Ja,Ja,Ja,Ja,Ja,Ja,Hat nicht teilgenommen,Ja,Ja,Hat nicht teilgenommen,Ja,Ja,Entschuldigt,Ja,Ja,Ja,Hat nicht teilgenommen,Ja,Ja,Ja,Ja,Ja,Ja,Ja,Ja,Ja,Ja,Ja,Ja,Ja,Ja,Ja,Ja,Ja,Ja,Ja,Ja,Nein,Ja,Ja,Ja,Der Präsident stimmt nicht,Ja,Ja,Ja,Hat nicht teilgenommen,Hat nicht teilgenommen,Ja,Ja,Ja,Ja,Ja,Ja,Ja,Ja,Ja,Ja,Ja,Ja,Ja,Ja,Ja,Ja,Ja,Ja,Nein,Ja,Ja,Ja,Ja,Ja,Ja,Ja,Ja,Ja,Ja,Ja,Ja,Ja,Ja,Ja,Ja,Ja,Ja,Ja,Ja,Ja,Ja,Ja,Ja,Ja,Ja,Ja,Ja,Nein,Ja,Ja,Ja,Nein,Ja,Ja,Ja,Ja,Ja,Ja,Ja,Ja,Ja,Ja,Ja,Ja,Ja,Ja,Ja,Ja,Ja,Ja,Ja,Ja,Ja,Ja,Ja,Hat nicht teilgenommen,Ja,Ja,Ja,Ja,Ja,Ja,Ja,Ja,Hat nicht teilgenommen,Ja,Ja,Ja,Ja,Ja,Ja,Ja,Ja,Ja,Ja,Ja,Ja,Ja,Ja,Ja,Ja,Ja,Nein,Ja,Ja,Ja,Ja,Ja,Ja,Ja,Ja,Ja,Ja,Ja,Ja,Ja,Ja,Ja,Ja,Ja,Ja,Ja,Ja,Yes,184,5,0,1,9,False
2013-04-16 10:04:46,NR,"WAK-NR, WAK-SR",EFD,12.068,"Familieninitiative: Steuerabzüge auch für Eltern, die ihre Kinder selber betreuen. Volksinitiative",8795,Antrag der Mehrheit (Empfehlung auf Ablehnung der Volksinitiative),Antrag der Minderheit Flückiger Sylvia (Empfehlung auf Annahme der Volksinitiative),Art. 2,"Bundesbeschluss über die Volksinitiative ""Familieninitiative: Steuerabzüge auch für Eltern, die ihre Kinder selber betreuen""",,Nein,Ja,Nein,Ja,Ja,Nein,Hat nicht teilgenommen,Nein,Ja,Nein,Hat nicht teilgenommen,Nein,Ja,Ja,Ja,Nein,Ja,Nein,Ja,Nein,Nein,Enthaltung,Nein,Nein,Nein,Nein,Nein,Nein,Nein,Nein,Ja,Ja,Ja,Ja,Ja,Nein,Hat nicht teilgenommen,Nein,Ja,Hat nicht teilgenommen,Ja,Nein,Entschuldigt,Ja,Nein,Ja,Hat nicht teilgenommen,Ja,Ja,Ja,Ja,Ja,Nein,Ja,Ja,Nein,Nein,Ja,Ja,Ja,Ja,Ja,Nein,Ja,Nein,Ja,Ja,Nein,Ja,Nein,Ja,Der Präsident stimmt nicht,Ja,Nein,Ja,Hat nicht teilgenommen,Hat nicht teilgenommen,Nein,Ja,Ja,Ja,Ja,Ja,Ja,Nein,Nein,Ja,Nein,Ja,Ja,Ja,Ja,Ja,Nein,Ja,Ja,Ja,Nein,Ja,Ja,Nein,Nein,Ja,Ja,Nein,Nein,Ja,Ja,Ja,Ja,Ja,Nein,Enthaltung,Nein,Ja,Ja,Ja,Ja,Ja,Ja,Ja,Nein,Ja,Ja,Nein,Ja,Nein,Nein,Enthaltung,Nein,Ja,Ja,Nein,Ja,Ja,Ja,Ja,Ja,Nein,Ja,Nein,Nein,Nein,Nein,Ja,Nein,Ja,Enthaltung,Nein,Nein,Nein,Ja,Hat nicht teilgenommen,Nein,Ja,Nein,Nein,Nein,Ja,Nein,Nein,Hat nicht teilgenommen,Ja,Ja,Ja,Ja,Nein,Ja,Ja,Ja,Ja,Ja,Nein,Ja,Ja,Nein,Nein,Ja,Ja,Enthaltung,Ja,Ja,Ja,Ja,Ja,Ja,Nein,Ja,Nein,Enthaltung,Ja,Nein,Ja,Nein,Nein,Nein,Ja,Ja,Nein,Ja,Yes,109,74,6,1,9,False
2013-04-16 10:42:59,NR,"WAK-NR, WAK-SR",,12.485,MWST-Sondersatz für Beherbergungsleistungen. Verlängerung,8801,Antrag der Mehrheit (Eintreten),Antrag der Minderheit Birrer-Heimo (Nichteintreten),Eintreten,"Bundesgesetz über die Mehrwertsteuer (Mehrwertsteuergesetz, MWSTG)",,Ja,Ja,Ja,Nein,Nein,Ja,Ja,Ja,Nein,Ja,Hat nicht teilgenommen,Ja,Ja,Nein,Ja,Ja,Nein,Ja,Ja,Hat nicht teilgenommen,Hat nicht teilgenommen,Ja,Ja,Ja,Ja,Ja,Ja,Ja,Ja,Ja,Nein,Ja,Ja,Ja,Nein,Ja,Ja,Ja,Ja,Hat nicht teilgenommen,Ja,Ja,Entschuldigt,Ja,Ja,Nein,Hat nicht teilgenommen,Ja,Nein,Ja,Ja,Ja,Ja,Ja,Ja,Ja,Hat nicht teilgenommen,Nein,Nein,Nein,Ja,Ja,Ja,Ja,Ja,Ja,Ja,Hat nicht teilgenommen,Hat nicht teilgenommen,Ja,Ja,Der Präsident stimmt nicht,Nein,Ja,Nein,Hat nicht teilgenommen,Hat nicht teilgenommen,Ja,Ja,Nein,Ja,Ja,Nein,Ja,Ja,Ja,Nein,Ja,Ja,Ja,Hat nicht teilgenommen,Ja,Hat nicht teilgenommen,Ja,Nein,Ja,Hat nicht teilgenommen,Ja,Ja,Nein,Hat nicht teilgenommen,Hat nicht teilgenommen,Ja,Nein,Ja,Ja,Ja,Ja,Ja,Ja,Nein,Ja,Ja,Ja,Ja,Nein,Ja,Nein,Nein,Ja,Ja,Ja,Ja,Ja,Ja,Ja,Ja,Hat nicht teilgenommen,Ja,Ja,Nein,Hat nicht teilgenommen,Ja,Nein,Ja,Hat nicht teilgenommen,Ja,Enthaltung,Ja,Ja,Ja,Ja,Ja,Ja,Ja,Ja,Ja,Hat nicht teilgenommen,Ja,Ja,Ja,Ja,Hat nicht teilgenommen,Ja,Ja,Ja,Ja,Ja,Ja,Ja,Ja,Hat nicht teilgenommen,Ja,Ja,Nein,Ja,Ja,Ja,Ja,Nein,Ja,Nein,Ja,Ja,Enthaltung,Ja,Ja,Nein,Ja,Ja,Ja,Nein,Ja,Ja,Nein,Ja,Ja,Ja,Ja,Ja,Ja,Ja,Nein,Ja,Ja,Ja,Ja,Nein,Ja,Ja,Yes,141,34,2,1,21,False
2013-04-16 10:44:20,NR,"WAK-NR, WAK-SR",,12.485,MWST-Sondersatz für Beherbergungsleistungen. Verlängerung,8802,,,Gesamtabstimmung,"Bundesgesetz über die Mehrwertsteuer (Mehrwertsteuergesetz, MWSTG)",,Ja,Ja,Ja,Nein,Nein,Ja,Ja,Ja,Nein,Ja,Enthaltung,Hat nicht teilgenommen,Ja,Nein,Ja,Ja,Nein,Ja,Ja,Ja,Ja,Ja,Ja,Ja,Ja,Ja,Ja,Ja,Ja,Ja,Nein,Ja,Ja,Ja,Nein,Ja,Ja,Ja,Ja,Hat nicht teilgenommen,Ja,Ja,Entschuldigt,Ja,Ja,Nein,Hat nicht teilgenommen,Ja,Nein,Ja,Ja,Ja,Ja,Ja,Ja,Ja,Hat nicht teilgenommen,Nein,Nein,Nein,Ja,Ja,Ja,Ja,Ja,Ja,Ja,Hat nicht teilgenommen,Ja,Ja,Ja,Der Präsident stimmt nicht,Nein,Ja,Nein,Ja,Hat nicht teilgenommen,Ja,Ja,Nein,Ja,Ja,Nein,Ja,Ja,Ja,Nein,Ja,Ja,Ja,Ja,Ja,Ja,Ja,Nein,Ja,Nein,Ja,Ja,Nein,Hat nicht teilgenommen,Hat nicht teilgenommen,Ja,Nein,Ja,Ja,Ja,Ja,Ja,Ja,Nein,Ja,Ja,Ja,Ja,Nein,Ja,Nein,Nein,Ja,Ja,Ja,Ja,Ja,Ja,Hat nicht teilgenommen,Ja,Hat nicht teilgenommen,Ja,Ja,Nein,Hat nicht teilgenommen,Ja,Nein,Ja,Nein,Hat nicht teilgenommen,Ja,Ja,Ja,Ja,Ja,Ja,Ja,Ja,Ja,Ja,Hat nicht teilgenommen,Ja,Ja,Ja,Ja,Hat nicht teilgenommen,Ja,Ja,Ja,Ja,Ja,Ja,Ja,Ja,Hat nicht teilgenommen,Ja,Ja,Nein,Ja,Ja,Ja,Ja,Nein,Ja,Nein,Ja,Ja,Nein,Ja,Hat nicht teilgenommen,Ja,Ja,Ja,Ja,Nein,Ja,Ja,Nein,Ja,Ja,Ja,Ja,Ja,Ja,Ja,Nein,Ja,Ja,Ja,Ja,Nein,Ja,Ja,Yes,145,36,1,1,16,False
2013-04-16 10:46:40,NR,"WAK-NR, WAK-SR",EFD,12.096,Bankengesetz. Genehmigung des 4. Kapitels der Verordnung über die Liquidität der Banken (too big to fail),8804,,,Gesamtabstimmung,Bundesbeschluss über die Genehmigung des 4. Kapitels der Verordnung über die Liquidität der Banken (too big to fail),,Ja,Ja,Ja,Ja,Hat nicht teilgenommen,Ja,Ja,Ja,Ja,Ja,Ja,Ja,Ja,Ja,Ja,Ja,Ja,Ja,Ja,Ja,Ja,Ja,Ja,Ja,Ja,Ja,Ja,Ja,Ja,Ja,Ja,Ja,Ja,Ja,Ja,Ja,Ja,Ja,Ja,Hat nicht teilgenommen,Ja,Ja,Entschuldigt,Ja,Ja,Ja,Hat nicht teilgenommen,Ja,Ja,Ja,Ja,Ja,Ja,Ja,Ja,Ja,Ja,Ja,Ja,Ja,Ja,Ja,Ja,Ja,Hat nicht teilgenommen,Ja,Ja,Hat nicht teilgenommen,Ja,Ja,Ja,Der Präsident stimmt nicht,Ja,Ja,Ja,Ja,Hat nicht teilgenommen,Ja,Ja,Ja,Ja,Ja,Ja,Ja,Ja,Ja,Hat nicht teilgenommen,Ja,Ja,Ja,Ja,Ja,Ja,Ja,Ja,Ja,Ja,Ja,Ja,Ja,Ja,Ja,Ja,Ja,Ja,Ja,Ja,Ja,Ja,Ja,Ja,Ja,Ja,Ja,Ja,Ja,Ja,Ja,Ja,Ja,Ja,Ja,Ja,Ja,Ja,Hat nicht teilgenommen,Ja,Hat nicht teilgenommen,Ja,Ja,Ja,Hat nicht teilgenommen,Ja,Ja,Ja,Ja,Ja,Hat nicht teilgenommen,Ja,Ja,Ja,Ja,Ja,Ja,Ja,Ja,Ja,Ja,Ja,Ja,Ja,Ja,Hat nicht teilgenommen,Ja,Ja,Ja,Ja,Ja,Ja,Ja,Ja,Hat nicht teilgenommen,Ja,Ja,Ja,Ja,Ja,Ja,Ja,Ja,Ja,Ja,Ja,Ja,Ja,Ja,Ja,Ja,Ja,Ja,Ja,Ja,Ja,Ja,Ja,Ja,Ja,Ja,Ja,Ja,Ja,Ja,Ja,Ja,Ja,Ja,Ja,Ja,Ja,Ja,Yes,185,0,0,1,13,False
2013-04-16 11:50:58,NR,"RK-NR, RK-SR",EJPD,10.077,Schuldbetreibungs- und Konkursgesetz. Sanierungsrecht,8806,Antrag der Mehrheit (Eintreten),Antrag der Minderheit Schwander (Nichteintreten),Eintreten,Bundesgesetz über Schuldbetreibung und Konkurs (SchKG),,Nein,Ja,Nein,Ja,Ja,Nein,Ja,Nein,Ja,Hat nicht teilgenommen,Hat nicht teilgenommen,Ja,Ja,Ja,Ja,Nein,Ja,Nein,Ja,Nein,Nein,Ja,Nein,Hat nicht teilgenommen,Nein,Ja,Nein,Ja,Enthaltung,Ja,Ja,Ja,Ja,Hat nicht teilgenommen,Ja,Ja,Ja,Nein,Ja,Hat nicht teilgenommen,Ja,Nein,Entschuldigt,Ja,Hat nicht teilgenommen,Ja,Hat nicht teilgenommen,Ja,Ja,Ja,Ja,Ja,Nein,Ja,Ja,Nein,Nein,Ja,Ja,Ja,Ja,Ja,Nein,Hat nicht teilgenommen,Nein,Ja,Ja,Ja,Ja,Ja,Enthaltung,Der Präsident stimmt nicht,Ja,Nein,Ja,Ja,Hat nicht teilgenommen,Ja,Ja,Ja,Ja,Ja,Ja,Ja,Nein,Hat nicht teilgenommen,Ja,Nein,Ja,Ja,Ja,Ja,Ja,Nein,Ja,Ja,Ja,Nein,Ja,Nein,Nein,Nein,Ja,Ja,Nein,Nein,Hat nicht teilgenommen,Ja,Ja,Enthaltung,Ja,Ja,Ja,Ja,Ja,Ja,Ja,Ja,Ja,Ja,Ja,Nein,Ja,Ja,Ja,Ja,Nein,Ja,Ja,Nein,Ja,Hat nicht teilgenommen,Nein,Ja,Enthaltung,Ja,Nein,Ja,Nein,Ja,Nein,Enthaltung,Ja,Nein,Ja,Ja,Ja,Nein,Enthaltung,Hat nicht teilgenommen,Nein,Ja,Hat nicht teilgenommen,Nein,Ja,Nein,Ja,Ja,Ja,Nein,Nein,Hat nicht teilgenommen,Ja,Ja,Ja,Ja,Ja,Ja,Ja,Ja,Ja,Ja,Nein,Ja,Ja,Nein,Nein,Ja,Ja,Ja,Ja,Ja,Ja,Hat nicht teilgenommen,Ja,Ja,Nein,Ja,Ja,Ja,Ja,Nein,Ja,Nein,Nein,Ja,Ja,Ja,Nein,Ja,Yes,126,50,6,1,16,False
2013-04-16 12:05:14,NR,"RK-NR, RK-SR",EJPD,10.077,Schuldbetreibungs- und Konkursgesetz. Sanierungsrecht,8807,Antrag der Mehrheit,Antrag der Minderheit Schwander (streichen),Art. 211a,Bundesgesetz über Schuldbetreibung und Konkurs (SchKG),,Nein,Ja,Nein,Ja,Ja,Nein,Ja,Nein,Ja,Nein,Hat nicht teilgenommen,Ja,Hat nicht teilgenommen,Ja,Ja,Nein,Ja,Nein,Ja,Nein,Nein,Ja,Hat nicht teilgenommen,Hat nicht teilgenommen,Nein,Ja,Nein,Ja,Ja,Ja,Ja,Ja,Ja,Hat nicht teilgenommen,Ja,Ja,Ja,Nein,Ja,Hat nicht teilgenommen,Ja,Nein,Entschuldigt,Ja,Hat nicht teilgenommen,Ja,Hat nicht teilgenommen,Ja,Ja,Hat nicht teilgenommen,Ja,Ja,Nein,Ja,Ja,Nein,Nein,Ja,Ja,Hat nicht teilgenommen,Ja,Ja,Nein,Ja,Hat nicht teilgenommen,Ja,Ja,Ja,Ja,Ja,Ja,Der Präsident stimmt nicht,Hat nicht teilgenommen,Nein,Ja,Ja,Hat nicht teilgenommen,Ja,Ja,Ja,Ja,Ja,Ja,Ja,Nein,Nein,Ja,Nein,Hat nicht teilgenommen,Ja,Ja,Ja,Ja,Nein,Ja,Hat nicht teilgenommen,Ja,Nein,Ja,Ja,Nein,Nein,Ja,Ja,Nein,Nein,Ja,Ja,Ja,Enthaltung,Ja,Ja,Ja,Ja,Ja,Ja,Ja,Ja,Ja,Ja,Ja,Nein,Ja,Ja,Ja,Hat nicht teilgenommen,Nein,Ja,Ja,Nein,Hat nicht teilgenommen,Hat nicht teilgenommen,Nein,Ja,Ja,Ja,Nein,Ja,Nein,Hat nicht teilgenommen,Nein,Enthaltung,Ja,Nein,Ja,Ja,Ja,Nein,Ja,Nein,Nein,Ja,Ja,Nein,Hat nicht teilgenommen,Nein,Ja,Ja,Ja,Nein,Nein,Hat nicht teilgenommen,Ja,Ja,Ja,Ja,Ja,Ja,Ja,Ja,Ja,Ja,Nein,Ja,Ja,Nein,Nein,Ja,Ja,Ja,Ja,Ja,Ja,Ja,Ja,Ja,Nein,Ja,Ja,Ja,Ja,Nein,Ja,Nein,Nein,Hat nicht teilgenommen,Ja,Ja,Nein,Ja,Yes,124,50,2,1,22,False
2013-04-16 12:17:43,NR,"RK-NR, RK-SR",EJPD,10.077,Schuldbetreibungs- und Konkursgesetz. Sanierungsrecht,8808,Antrag der Kommission (streichen),Antrag des Bundesrates (aufheben),"Art. 283 (gilt auch für Art. 284, 712k ZGB, Art. 268, 268a, 268b, Art. 299c, Art. 491 Abs. 2 Übergangsbestimmungen OR sowie Art. 25b LPG)",Bundesgesetz über Schuldbetreibung und Konkurs (SchKG),,Ja,Nein,Ja,Nein,Nein,Ja,Ja,Ja,Nein,Ja,Nein,Ja,Ja,Nein,Ja,Ja,Nein,Ja,Ja,Ja,Ja,Ja,Ja,Ja,Ja,Ja,Ja,Ja,Ja,Ja,Hat nicht teilgenommen,Ja,Ja,Hat nicht teilgenommen,Nein,Ja,Ja,Ja,Ja,Hat nicht teilgenommen,Ja,Ja,Entschuldigt,Ja,Hat nicht teilgenommen,Nein,Hat nicht teilgenommen,Ja,Nein,Ja,Ja,Ja,Ja,Ja,Ja,Ja,Ja,Nein,Nein,Hat nicht teilgenommen,Ja,Hat nicht teilgenommen,Ja,Ja,Hat nicht teilgenommen,Ja,Ja,Ja,Ja,Ja,Ja,Der Präsident stimmt nicht,Nein,Ja,Enthaltung,Ja,Hat nicht teilgenommen,Ja,Ja,Nein,Nein,Ja,Nein,Ja,Ja,Ja,Nein,Ja,Ja,Ja,Ja,Ja,Ja,Ja,Ja,Ja,Nein,Ja,Ja,Nein,Ja,Ja,Ja,Nein,Ja,Ja,Hat nicht teilgenommen,Ja,Hat nicht teilgenommen,Ja,Nein,Ja,Ja,Ja,Ja,Nein,Ja,Hat nicht teilgenommen,Nein,Ja,Ja,Hat nicht teilgenommen,Ja,Ja,Ja,Ja,Ja,Enthaltung,Ja,Ja,Hat nicht teilgenommen,Hat nicht teilgenommen,Hat nicht teilgenommen,Nein,Ja,Nein,Ja,Nein,Ja,Ja,Ja,Ja,Ja,Ja,Nein,Ja,Hat nicht teilgenommen,Ja,Ja,Ja,Ja,Nein,Ja,Ja,Ja,Ja,Ja,Hat nicht teilgenommen,Nein,Ja,Ja,Hat nicht teilgenommen,Ja,Ja,Nein,Hat nicht teilgenommen,Ja,Ja,Ja,Nein,Ja,Nein,Ja,Nein,Nein,Ja,Ja,Nein,Ja,Ja,Hat nicht teilgenommen,Nein,Ja,Hat nicht teilgenommen,Nein,Ja,Ja,Ja,Ja,Ja,Ja,Ja,Nein,Ja,Ja,Ja,Ja,Nein,Ja,Ja,Yes,135,39,2,1,22,False
2013-04-16 12:44:35,NR,"RK-NR, RK-SR",EJPD,10.077,Schuldbetreibungs- und Konkursgesetz. Sanierungsrecht,8809,Antrag der Mehrheit,Antrag der Minderheit Huber,Art. 286 Abs. 3 (gilt auch für Art. 288 Abs. 2),Bundesgesetz über Schuldbetreibung und Konkurs (SchKG),,Nein,Ja,Nein,Ja,Ja,Nein,Ja,Nein,Ja,Nein,Hat nicht teilgenommen,Nein,Ja,Ja,Ja,Nein,Ja,Nein,Ja,Nein,Hat nicht teilgenommen,Nein,Nein,Nein,Nein,Ja,Nein,Ja,Nein,Ja,Ja,Nein,Nein,Hat nicht teilgenommen,Ja,Ja,Ja,Nein,Nein,Hat nicht teilgenommen,Nein,Nein,Entschuldigt,Nein,Hat nicht teilgenommen,Hat nicht teilgenommen,Hat nicht teilgenommen,Nein,Ja,Nein,Ja,Ja,Nein,Nein,Nein,Nein,Nein,Ja,Ja,Ja,Nein,Ja,Nein,Nein,Hat nicht teilgenommen,Ja,Ja,Ja,Ja,Ja,Nein,Der Präsident stimmt nicht,Ja,Nein,Ja,Ja,Hat nicht teilgenommen,Enthaltung,Nein,Ja,Ja,Nein,Ja,Nein,Nein,Nein,Ja,Nein,Nein,Nein,Ja,Nein,Enthaltung,Nein,Nein,Ja,Ja,Nein,Ja,Ja,Nein,Nein,Ja,Ja,Nein,Nein,Nein,Nein,Ja,Nein,Ja,Ja,Nein,Nein,Ja,Ja,Nein,Ja,Ja,Ja,Nein,Nein,Ja,Ja,Nein,Nein,Nein,Nein,Ja,Nein,Ja,Hat nicht teilgenommen,Nein,Ja,Nein,Ja,Nein,Ja,Nein,Nein,Nein,Nein,Nein,Nein,Ja,Nein,Nein,Hat nicht teilgenommen,Nein,Nein,Hat nicht teilgenommen,Ja,Nein,Nein,Hat nicht teilgenommen,Nein,Ja,Ja,Ja,Nein,Nein,Nein,Ja,Ja,Ja,Nein,Ja,Ja,Nein,Ja,Nein,Ja,Nein,Ja,Ja,Nein,Nein,Ja,Nein,Ja,Ja,Ja,Ja,Hat nicht teilgenommen,Ja,Ja,Nein,Ja,Nein,Ja,Ja,Nein,Ja,Nein,Nein,Nein,Ja,Ja,Nein,Nein,No,85,97,2,1,14,False
2013-04-16 15:23:25,NR,"RK-NR, RK-SR",EJPD,10.077,Schuldbetreibungs- und Konkursgesetz. Sanierungsrecht,8810,Antrag der Mehrheit,Antrag der Minderheit Schwander,Art. 293a (gilt auch für die Artikel 293b-293d),Bundesgesetz über Schuldbetreibung und Konkurs (SchKG),,Nein,Ja,Nein,Ja,Ja,Nein,Ja,Nein,Ja,Nein,Ja,Ja,Ja,Ja,Ja,Nein,Ja,Hat nicht teilgenommen,Ja,Nein,Hat nicht teilgenommen,Hat nicht teilgenommen,Nein,Nein,Nein,Ja,Nein,Ja,Ja,Ja,Ja,Ja,Ja,Hat nicht teilgenommen,Ja,Ja,Ja,Nein,Hat nicht teilgenommen,Nein,Ja,Nein,Entschuldigt,Ja,Hat nicht teilgenommen,Ja,Hat nicht teilgenommen,Ja,Ja,Hat nicht teilgenommen,Ja,Ja,Nein,Ja,Ja,Nein,Hat nicht teilgenommen,Ja,Ja,Ja,Hat nicht teilgenommen,Ja,Nein,Ja,Nein,Ja,Ja,Ja,Ja,Ja,Ja,Der Präsident stimmt nicht,Ja,Nein,Ja,Ja,Hat nicht teilgenommen,Ja,Ja,Ja,Ja,Ja,Ja,Ja,Hat nicht teilgenommen,Nein,Ja,Nein,Ja,Ja,Ja,Ja,Ja,Nein,Ja,Ja,Ja,Nein,Ja,Nein,Nein,Nein,Ja,Ja,Hat nicht teilgenommen,Nein,Hat nicht teilgenommen,Ja,Ja,Hat nicht teilgenommen,Ja,Ja,Ja,Ja,Ja,Ja,Ja,Ja,Ja,Ja,Ja,Nein,Hat nicht teilgenommen,Ja,Ja,Ja,Hat nicht teilgenommen,Ja,Hat nicht teilgenommen,Nein,Hat nicht teilgenommen,Hat nicht teilgenommen,Hat nicht teilgenommen,Ja,Hat nicht teilgenommen,Hat nicht teilgenommen,Nein,Ja,Nein,Ja,Nein,Ja,Ja,Nein,Ja,Ja,Ja,Hat nicht teilgenommen,Ja,Nein,Nein,Ja,Ja,Hat nicht teilgenommen,Ja,Hat nicht teilgenommen,Ja,Ja,Ja,Nein,Nein,Nein,Ja,Ja,Ja,Ja,Ja,Ja,Ja,Ja,Ja,Ja,Nein,Ja,Ja,Nein,Nein,Hat nicht teilgenommen,Ja,Ja,Ja,Ja,Ja,Ja,Ja,Ja,Nein,Ja,Ja,Ja,Ja,Nein,Ja,Hat nicht teilgenommen,Nein,Hat nicht teilgenommen,Ja,Ja,Nein,Ja,Yes,124,45,0,1,29,False
2013-04-16 15:33:52,NR,"RK-NR, RK-SR",EJPD,10.077,Schuldbetreibungs- und Konkursgesetz. Sanierungsrecht,8811,Antrag der Mehrheit,Antrag der Minderheit Leutenegger Oberholzer,Art. 295a Abs. 1,Bundesgesetz über Schuldbetreibung und Konkurs (SchKG),,Ja,Nein,Ja,Nein,Nein,Ja,Ja,Ja,Nein,Ja,Nein,Ja,Ja,Nein,Ja,Ja,Nein,Hat nicht teilgenommen,Ja,Hat nicht teilgenommen,Hat nicht teilgenommen,Ja,Ja,Ja,Ja,Ja,Ja,Ja,Ja,Ja,Nein,Ja,Ja,Hat nicht teilgenommen,Nein,Ja,Ja,Ja,Hat nicht teilgenommen,Ja,Ja,Ja,Entschuldigt,Ja,Hat nicht teilgenommen,Hat nicht teilgenommen,Hat nicht teilgenommen,Hat nicht teilgenommen,Nein,Hat nicht teilgenommen,Ja,Ja,Ja,Ja,Ja,Ja,Hat nicht teilgenommen,Nein,Nein,Nein,Hat nicht teilgenommen,Ja,Ja,Ja,Hat nicht teilgenommen,Nein,Nein,Ja,Nein,Ja,Ja,Der Präsident stimmt nicht,Hat nicht teilgenommen,Ja,Nein,Ja,Hat nicht teilgenommen,Ja,Ja,Nein,Nein,Ja,Nein,Ja,Hat nicht teilgenommen,Ja,Nein,Ja,Ja,Ja,Nein,Ja,Ja,Ja,Ja,Ja,Nein,Ja,Nein,Nein,Ja,Ja,Ja,Nein,Hat nicht teilgenommen,Ja,Hat nicht teilgenommen,Ja,Nein,Hat nicht teilgenommen,Nein,Ja,Ja,Ja,Ja,Nein,Ja,Nein,Nein,Hat nicht teilgenommen,Ja,Ja,Hat nicht teilgenommen,Nein,Ja,Hat nicht teilgenommen,Hat nicht teilgenommen,Ja,Hat nicht teilgenommen,Ja,Hat nicht teilgenommen,Hat nicht teilgenommen,Ja,Nein,Hat nicht teilgenommen,Nein,Ja,Nein,Ja,Ja,Ja,Ja,Ja,Ja,Nein,Ja,Ja,Hat nicht teilgenommen,Ja,Ja,Ja,Nein,Ja,Ja,Ja,Hat nicht teilgenommen,Ja,Ja,Nein,Ja,Ja,Ja,Nein,Nein,Nein,Hat nicht teilgenommen,Ja,Ja,Ja,Nein,Ja,Nein,Ja,Nein,Nein,Ja,Ja,Nein,Ja,Ja,Nein,Nein,Nein,Nein,Nein,Nein,Ja,Nein,Ja,Ja,Nein,Ja,Nein,Ja,Ja,Hat nicht teilgenommen,Hat nicht teilgenommen,Nein,Ja,Ja,Yes,110,56,0,1,32,False
2013-04-16 16:02:41,NR,"RK-NR, RK-SR",EJPD,10.077,Schuldbetreibungs- und Konkursgesetz. Sanierungsrecht,8813,Antrag der Mehrheit,Antrag der Minderheit I Schwaab,Art. 297a,Bundesgesetz über Schuldbetreibung und Konkurs (SchKG),,Ja,Nein,Ja,Nein,Nein,Ja,Ja,Ja,Nein,Ja,Nein,Ja,Ja,Nein,Ja,Ja,Nein,Hat nicht teilgenommen,Ja,Hat nicht teilgenommen,Hat nicht teilgenommen,Ja,Ja,Ja,Ja,Ja,Ja,Ja,Ja,Ja,Nein,Ja,Ja,Hat nicht teilgenommen,Nein,Ja,Ja,Ja,Hat nicht teilgenommen,Ja,Ja,Ja,Entschuldigt,Ja,Hat nicht teilgenommen,Nein,Hat nicht teilgenommen,Hat nicht teilgenommen,Nein,Hat nicht teilgenommen,Ja,Ja,Ja,Ja,Ja,Ja,Hat nicht teilgenommen,Nein,Nein,Nein,Hat nicht teilgenommen,Ja,Ja,Ja,Hat nicht teilgenommen,Nein,Nein,Ja,Nein,Ja,Ja,Der Präsident stimmt nicht,Nein,Ja,Nein,Ja,Hat nicht teilgenommen,Ja,Ja,Nein,Nein,Ja,Nein,Ja,Ja,Ja,Nein,Ja,Ja,Ja,Nein,Ja,Ja,Ja,Ja,Ja,Nein,Ja,Nein,Nein,Ja,Ja,Ja,Nein,Hat nicht teilgenommen,Ja,Hat nicht teilgenommen,Ja,Nein,Ja,Nein,Ja,Ja,Ja,Ja,Nein,Ja,Nein,Nein,Hat nicht teilgenommen,Ja,Ja,Hat nicht teilgenommen,Nein,Ja,Ja,Hat nicht teilgenommen,Hat nicht teilgenommen,Hat nicht teilgenommen,Ja,Hat nicht teilgenommen,Hat nicht teilgenommen,Ja,Nein,Ja,Nein,Ja,Nein,Ja,Ja,Ja,Ja,Ja,Ja,Nein,Ja,Hat nicht teilgenommen,Hat nicht teilgenommen,Ja,Ja,Ja,Nein,Ja,Ja,Ja,Ja,Ja,Ja,Nein,Ja,Ja,Ja,Nein,Nein,Nein,Ja,Ja,Ja,Ja,Nein,Ja,Nein,Ja,Nein,Nein,Ja,Ja,Nein,Ja,Ja,Nein,Nein,Nein,Nein,Nein,Nein,Ja,Nein,Ja,Ja,Nein,Ja,Nein,Ja,Hat nicht teilgenommen,Hat nicht teilgenommen,Hat nicht teilgenommen,Nein,Ja,Ja,Yes,113,58,0,1,27,False
2013-04-16 16:03:25,NR,"RK-NR, RK-SR",EJPD,10.077,Schuldbetreibungs- und Konkursgesetz. Sanierungsrecht,8814,Antrag der Mehrheit,Antrag der Minderheit II Schwander (streichen),Art. 297a,Bundesgesetz über Schuldbetreibung und Konkurs (SchKG),,Hat nicht teilgenommen,Ja,Nein,Ja,Ja,Nein,Ja,Nein,Ja,Nein,Ja,Ja,Ja,Ja,Ja,Nein,Ja,Hat nicht teilgenommen,Ja,Hat nicht teilgenommen,Hat nicht teilgenommen,Ja,Nein,Nein,Nein,Ja,Nein,Ja,Ja,Ja,Ja,Ja,Ja,Hat nicht teilgenommen,Ja,Ja,Ja,Nein,Hat nicht teilgenommen,Nein,Ja,Nein,Entschuldigt,Ja,Hat nicht teilgenommen,Ja,Hat nicht teilgenommen,Hat nicht teilgenommen,Ja,Hat nicht teilgenommen,Ja,Ja,Nein,Ja,Ja,Nein,Hat nicht teilgenommen,Ja,Ja,Ja,Hat nicht teilgenommen,Ja,Nein,Ja,Hat nicht teilgenommen,Ja,Ja,Ja,Ja,Ja,Nein,Der Präsident stimmt nicht,Ja,Nein,Ja,Ja,Hat nicht teilgenommen,Ja,Ja,Ja,Ja,Ja,Ja,Ja,Nein,Nein,Ja,Nein,Ja,Ja,Ja,Ja,Ja,Nein,Ja,Ja,Ja,Nein,Ja,Ja,Nein,Nein,Ja,Ja,Hat nicht teilgenommen,Nein,Hat nicht teilgenommen,Ja,Ja,Ja,Ja,Ja,Ja,Ja,Ja,Ja,Ja,Ja,Ja,Hat nicht teilgenommen,Ja,Hat nicht teilgenommen,Hat nicht teilgenommen,Ja,Ja,Ja,Hat nicht teilgenommen,Hat nicht teilgenommen,Hat nicht teilgenommen,Nein,Hat nicht teilgenommen,Hat nicht teilgenommen,Nein,Ja,Ja,Ja,Nein,Ja,Nein,Ja,Nein,Nein,Ja,Nein,Ja,Ja,Hat nicht teilgenommen,Hat nicht teilgenommen,Ja,Nein,Nein,Ja,Ja,Nein,Ja,Nein,Ja,Ja,Ja,Nein,Nein,Nein,Ja,Ja,Ja,Ja,Ja,Ja,Ja,Ja,Ja,Ja,Nein,Ja,Ja,Nein,Nein,Ja,Ja,Ja,Ja,Ja,Ja,Ja,Ja,Ja,Nein,Ja,Ja,Ja,Ja,Nein,Ja,Nein,Hat nicht teilgenommen,Hat nicht teilgenommen,Hat nicht teilgenommen,Ja,Nein,Ja,Yes,123,46,0,1,29,False
2013-04-16 16:14:30,NR,"RK-NR, RK-SR",EJPD,10.077,Schuldbetreibungs- und Konkursgesetz. Sanierungsrecht,8815,Antrag der Mehrheit,Antrag der Minderheit Schwander,Art. 314 Abs. 1bis,Bundesgesetz über Schuldbetreibung und Konkurs (SchKG),,Nein,Ja,Nein,Ja,Ja,Nein,Ja,Nein,Ja,Nein,Ja,Ja,Ja,Ja,Ja,Nein,Ja,Hat nicht teilgenommen,Ja,Hat nicht teilgenommen,Hat nicht teilgenommen,Ja,Hat nicht teilgenommen,Hat nicht teilgenommen,Nein,Ja,Nein,Ja,Ja,Ja,Ja,Ja,Ja,Hat nicht teilgenommen,Ja,Ja,Ja,Nein,Hat nicht teilgenommen,Nein,Ja,Nein,Entschuldigt,Ja,Hat nicht teilgenommen,Ja,Hat nicht teilgenommen,Hat nicht teilgenommen,Ja,Hat nicht teilgenommen,Ja,Ja,Nein,Ja,Ja,Nein,Nein,Ja,Ja,Ja,Ja,Ja,Nein,Ja,Hat nicht teilgenommen,Ja,Ja,Ja,Ja,Ja,Ja,Der Präsident stimmt nicht,Ja,Nein,Ja,Ja,Hat nicht teilgenommen,Ja,Ja,Ja,Ja,Ja,Ja,Ja,Hat nicht teilgenommen,Nein,Ja,Nein,Hat nicht teilgenommen,Ja,Ja,Ja,Ja,Nein,Ja,Ja,Ja,Nein,Ja,Ja,Nein,Nein,Ja,Ja,Nein,Nein,Ja,Ja,Ja,Ja,Ja,Ja,Ja,Ja,Ja,Hat nicht teilgenommen,Ja,Ja,Ja,Hat nicht teilgenommen,Ja,Nein,Hat nicht teilgenommen,Ja,Ja,Ja,Hat nicht teilgenommen,Hat nicht teilgenommen,Ja,Nein,Ja,Hat nicht teilgenommen,Nein,Ja,Ja,Ja,Nein,Ja,Nein,Ja,Nein,Ja,Ja,Nein,Ja,Ja,Hat nicht teilgenommen,Hat nicht teilgenommen,Ja,Nein,Nein,Ja,Ja,Nein,Ja,Nein,Ja,Ja,Ja,Nein,Hat nicht teilgenommen,Nein,Hat nicht teilgenommen,Ja,Ja,Ja,Ja,Ja,Ja,Ja,Ja,Ja,Nein,Ja,Ja,Nein,Nein,Ja,Ja,Hat nicht teilgenommen,Hat nicht teilgenommen,Ja,Ja,Ja,Ja,Ja,Nein,Ja,Ja,Ja,Ja,Nein,Ja,Nein,Hat nicht teilgenommen,Ja,Ja,Ja,Nein,Ja,Yes,126,44,0,1,28,False
2013-04-16 16:20:19,NR,"RK-NR, RK-SR",EJPD,10.077,Schuldbetreibungs- und Konkursgesetz. Sanierungsrecht,8822,Zustimmung zum Ordnungsantrag,Ablehnung des Ordnungsantrages,(I:) Ordnungsantrag,Bundesgesetz über Schuldbetreibung und Konkurs (SchKG),,Ja,Ja,Ja,Nein,Ja,Ja,Nein,Nein,Ja,Nein,Ja,Hat nicht teilgenommen,Ja,Hat nicht teilgenommen,Ja,Nein,Hat nicht teilgenommen,Hat nicht teilgenommen,Ja,Hat nicht teilgenommen,Hat nicht teilgenommen,Ja,Ja,Hat nicht teilgenommen,Ja,Nein,Ja,Nein,Nein,Ja,Ja,Hat nicht teilgenommen,Ja,Hat nicht teilgenommen,Ja,Nein,Nein,Ja,Hat nicht teilgenommen,Ja,Ja,Nein,Entschuldigt,Hat nicht teilgenommen,Hat nicht teilgenommen,Ja,Hat nicht teilgenommen,Hat nicht teilgenommen,Hat nicht teilgenommen,Hat nicht teilgenommen,Ja,Ja,Ja,Ja,Ja,Hat nicht teilgenommen,Nein,Ja,Ja,Nein,Hat nicht teilgenommen,Ja,Nein,Ja,Hat nicht teilgenommen,Ja,Ja,Nein,Ja,Nein,Ja,Der Präsident stimmt nicht,Ja,Ja,Ja,Ja,Hat nicht teilgenommen,Nein,Nein,Ja,Ja,Hat nicht teilgenommen,Hat nicht teilgenommen,Nein,Ja,Hat nicht teilgenommen,Ja,Nein,Nein,Ja,Ja,Ja,Nein,Hat nicht teilgenommen,Hat nicht teilgenommen,Nein,Hat nicht teilgenommen,Nein,Hat nicht teilgenommen,Ja,Ja,Ja,Ja,Ja,Hat nicht teilgenommen,Ja,Hat nicht teilgenommen,Nein,Ja,Enthaltung,Ja,Nein,Ja,Nein,Ja,Hat nicht teilgenommen,Ja,Ja,Ja,Nein,Ja,Ja,Hat nicht teilgenommen,Hat nicht teilgenommen,Nein,Ja,Hat nicht teilgenommen,Hat nicht teilgenommen,Hat nicht teilgenommen,Ja,Ja,Hat nicht teilgenommen,Nein,Hat nicht teilgenommen,Ja,Ja,Ja,Ja,Ja,Ja,Ja,Ja,Nein,Ja,Ja,Nein,Hat nicht teilgenommen,Hat nicht teilgenommen,Nein,Ja,Nein,Ja,Hat nicht teilgenommen,Ja,Nein,Nein,Hat nicht teilgenommen,Nein,Hat nicht teilgenommen,Ja,Hat nicht teilgenommen,Nein,Hat nicht teilgenommen,Ja,Ja,Ja,Nein,Hat nicht teilgenommen,Ja,Nein,Nein,Enthaltung,Ja,Ja,Ja,Ja,Hat nicht teilgenommen,Ja,Ja,Nein,Ja,Ja,Ja,Ja,Ja,Ja,Ja,Ja,Ja,Nein,Ja,Ja,Ja,Nein,Hat nicht teilgenommen,Ja,Ja,Ja,Ja,Nein,Yes,104,45,2,1,47,False
2013-04-16 17:00:54,NR,"RK-NR, RK-SR",EJPD,10.077,Schuldbetreibungs- und Konkursgesetz. Sanierungsrecht,8816,Antrag der Mehrheit,Antrag der Minderheit I Vischer Daniel,Art. 333b,Bundesgesetz über Schuldbetreibung und Konkurs (SchKG),,Ja,Nein,Ja,Nein,Nein,Ja,Ja,Ja,Nein,Ja,Nein,Ja,Ja,Nein,Ja,Ja,Nein,Ja,Ja,Hat nicht teilgenommen,Hat nicht teilgenommen,Ja,Ja,Ja,Ja,Ja,Ja,Ja,Ja,Ja,Nein,Ja,Ja,Hat nicht teilgenommen,Nein,Ja,Ja,Ja,Hat nicht teilgenommen,Ja,Ja,Ja,Entschuldigt,Ja,Hat nicht teilgenommen,Nein,Hat nicht teilgenommen,Hat nicht teilgenommen,Hat nicht teilgenommen,Ja,Ja,Ja,Ja,Ja,Ja,Ja,Ja,Nein,Nein,Nein,Ja,Ja,Ja,Ja,Hat nicht teilgenommen,Nein,Nein,Ja,Nein,Ja,Ja,Entschuldigt,Nein,Ja,Nein,Ja,Hat nicht teilgenommen,Ja,Ja,Nein,Nein,Ja,Hat nicht teilgenommen,Ja,Ja,Hat nicht teilgenommen,Nein,Ja,Ja,Ja,Nein,Ja,Ja,Ja,Hat nicht teilgenommen,Ja,Nein,Ja,Nein,Nein,Ja,Ja,Ja,Nein,Ja,Ja,Hat nicht teilgenommen,Ja,Nein,Ja,Nein,Ja,Ja,Der Präsident stimmt nicht,Ja,Nein,Ja,Nein,Nein,Ja,Ja,Ja,Ja,Nein,Ja,Ja,Hat nicht teilgenommen,Ja,Ja,Ja,Nein,Hat nicht teilgenommen,Ja,Nein,Ja,Nein,Ja,Nein,Ja,Ja,Ja,Ja,Ja,Ja,Nein,Ja,Hat nicht teilgenommen,Hat nicht teilgenommen,Ja,Hat nicht teilgenommen,Ja,Nein,Ja,Ja,Ja,Ja,Ja,Ja,Nein,Ja,Ja,Ja,Nein,Nein,Nein,Ja,Ja,Ja,Ja,Nein,Ja,Nein,Ja,Nein,Nein,Ja,Ja,Nein,Ja,Ja,Nein,Nein,Nein,Nein,Nein,Nein,Ja,Nein,Ja,Ja,Nein,Ja,Nein,Ja,Hat nicht teilgenommen,Ja,Ja,Nein,Ja,Ja,Yes,120,57,0,2,20,False
2013-04-16 17:01:42,NR,"RK-NR, RK-SR",EJPD,10.077,Schuldbetreibungs- und Konkursgesetz. Sanierungsrecht,8817,Antrag der Mehrheit,Antrag der Minderheit Leutenegger Oberholzer,Art. 333b,Bundesgesetz über Schuldbetreibung und Konkurs (SchKG),,Ja,Nein,Ja,Nein,Nein,Ja,Ja,Ja,Nein,Ja,Nein,Ja,Ja,Nein,Ja,Ja,Nein,Ja,Ja,Hat nicht teilgenommen,Hat nicht teilgenommen,Ja,Ja,Ja,Ja,Ja,Ja,Ja,Ja,Ja,Nein,Ja,Ja,Hat nicht teilgenommen,Nein,Ja,Ja,Ja,Hat nicht teilgenommen,Ja,Ja,Ja,Entschuldigt,Ja,Hat nicht teilgenommen,Nein,Hat nicht teilgenommen,Hat nicht teilgenommen,Hat nicht teilgenommen,Ja,Ja,Ja,Hat nicht teilgenommen,Ja,Ja,Ja,Ja,Nein,Nein,Nein,Ja,Ja,Ja,Ja,Hat nicht teilgenommen,Nein,Nein,Ja,Nein,Ja,Ja,Entschuldigt,Nein,Ja,Nein,Ja,Hat nicht teilgenommen,Ja,Ja,Nein,Nein,Ja,Hat nicht teilgenommen,Ja,Ja,Hat nicht teilgenommen,Nein,Ja,Ja,Ja,Nein,Ja,Ja,Ja,Hat nicht teilgenommen,Ja,Nein,Ja,Nein,Nein,Ja,Ja,Ja,Nein,Ja,Ja,Hat nicht teilgenommen,Ja,Nein,Ja,Nein,Ja,Ja,Der Präsident stimmt nicht,Ja,Nein,Ja,Nein,Nein,Ja,Ja,Ja,Ja,Nein,Ja,Ja,Hat nicht teilgenommen,Ja,Ja,Ja,Nein,Hat nicht teilgenommen,Ja,Nein,Ja,Nein,Ja,Nein,Ja,Ja,Ja,Ja,Ja,Ja,Nein,Ja,Hat nicht teilgenommen,Hat nicht teilgenommen,Ja,Hat nicht teilgenommen,Ja,Nein,Ja,Ja,Ja,Ja,Ja,Ja,Nein,Ja,Ja,Ja,Nein,Nein,Nein,Ja,Ja,Ja,Ja,Nein,Ja,Nein,Ja,Nein,Nein,Ja,Ja,Nein,Ja,Ja,Nein,Nein,Nein,Nein,Nein,Nein,Ja,Nein,Ja,Ja,Nein,Ja,Nein,Ja,Hat nicht teilgenommen,Ja,Ja,Nein,Ja,Ja,Yes,119,57,0,2,21,False
2013-04-16 17:43:41,NR,"RK-NR, RK-SR",EJPD,10.077,Schuldbetreibungs- und Konkursgesetz. Sanierungsrecht,8818,Antrag der Mehrheit,Antrag der Minderheit Huber,"Art. 335h, 335i. 335j, 335k, Art. 361 Abs. 2 und Art. 362 Abs. 2",Bundesgesetz über Schuldbetreibung und Konkurs (SchKG),,Nein,Ja,Nein,Ja,Ja,Nein,Ja,Hat nicht teilgenommen,Ja,Nein,Ja,Ja,Ja,Ja,Ja,Nein,Ja,Nein,Ja,Hat nicht teilgenommen,Hat nicht teilgenommen,Nein,Nein,Nein,Nein,Nein,Nein,Ja,Enthaltung,Enthaltung,Ja,Nein,Nein,Hat nicht teilgenommen,Ja,Hat nicht teilgenommen,Hat nicht teilgenommen,Nein,Hat nicht teilgenommen,Nein,Nein,Nein,Entschuldigt,Nein,Hat nicht teilgenommen,Ja,Hat nicht teilgenommen,Hat nicht teilgenommen,Hat nicht teilgenommen,Nein,Ja,Ja,Nein,Nein,Nein,Nein,Nein,Ja,Ja,Ja,Ja,Ja,Nein,Nein,Hat nicht teilgenommen,Ja,Ja,Ja,Ja,Nein,Nein,Der Präsident stimmt nicht,Ja,Nein,Ja,Ja,Hat nicht teilgenommen,Ja,Ja,Ja,Ja,Ja,Hat nicht teilgenommen,Ja,Nein,Hat nicht teilgenommen,Ja,Nein,Hat nicht teilgenommen,Nein,Ja,Nein,Enthaltung,Nein,Hat nicht teilgenommen,Ja,Ja,Nein,Ja,Ja,Nein,Nein,Ja,Ja,Nein,Nein,Ja,Nein,Ja,Nein,Ja,Ja,Nein,Nein,Ja,Ja,Nein,Ja,Ja,Hat nicht teilgenommen,Nein,Nein,Ja,Ja,Enthaltung,Nein,Hat nicht teilgenommen,Nein,Ja,Nein,Ja,Hat nicht teilgenommen,Hat nicht teilgenommen,Ja,Nein,Ja,Nein,Ja,Nein,Nein,Nein,Nein,Nein,Nein,Ja,Ja,Ja,Hat nicht teilgenommen,Enthaltung,Nein,Nein,Ja,Nein,Nein,Ja,Nein,Ja,Ja,Ja,Hat nicht teilgenommen,Hat nicht teilgenommen,Nein,Ja,Ja,Ja,Nein,Nein,Ja,Nein,Ja,Enthaltung,Ja,Nein,Ja,Ja,Nein,Nein,Hat nicht teilgenommen,Nein,Ja,Ja,Ja,Ja,Ja,Ja,Ja,Nein,Ja,Nein,Ja,Ja,Nein,Ja,Nein,Nein,Nein,Ja,Ja,Nein,Ja,Yes,89,78,6,1,25,False
2013-04-16 17:53:17,NR,"RK-NR, RK-SR",EJPD,10.077,Schuldbetreibungs- und Konkursgesetz. Sanierungsrecht,8819,Antrag der Mehrheit,Antrag der Minderheit Vischer Daniel,Art. 679 Abs. 1,Bundesgesetz über Schuldbetreibung und Konkurs (SchKG),,Ja,Nein,Ja,Nein,Nein,Ja,Ja,Ja,Nein,Ja,Nein,Ja,Hat nicht teilgenommen,Nein,Ja,Ja,Nein,Ja,Ja,Hat nicht teilgenommen,Hat nicht teilgenommen,Ja,Ja,Ja,Ja,Ja,Ja,Ja,Ja,Ja,Nein,Ja,Ja,Hat nicht teilgenommen,Nein,Ja,Ja,Ja,Hat nicht teilgenommen,Ja,Hat nicht teilgenommen,Ja,Entschuldigt,Ja,Hat nicht teilgenommen,Nein,Hat nicht teilgenommen,Hat nicht teilgenommen,Hat nicht teilgenommen,Ja,Hat nicht teilgenommen,Ja,Ja,Ja,Ja,Ja,Ja,Nein,Nein,Nein,Ja,Ja,Ja,Ja,Hat nicht teilgenommen,Nein,Nein,Ja,Nein,Ja,Ja,Der Präsident stimmt nicht,Nein,Ja,Nein,Hat nicht teilgenommen,Hat nicht teilgenommen,Ja,Ja,Nein,Nein,Ja,Hat nicht teilgenommen,Ja,Ja,Hat nicht teilgenommen,Nein,Ja,Hat nicht teilgenommen,Ja,Nein,Ja,Ja,Ja,Hat nicht teilgenommen,Ja,Nein,Ja,Nein,Nein,Ja,Ja,Ja,Nein,Ja,Ja,Ja,Ja,Nein,Ja,Nein,Ja,Ja,Ja,Ja,Nein,Ja,Nein,Nein,Ja,Ja,Ja,Ja,Nein,Ja,Ja,Hat nicht teilgenommen,Ja,Ja,Ja,Nein,Hat nicht teilgenommen,Hat nicht teilgenommen,Nein,Ja,Nein,Ja,Hat nicht teilgenommen,Ja,Ja,Ja,Ja,Ja,Ja,Nein,Ja,Ja,Hat nicht teilgenommen,Ja,Ja,Ja,Nein,Ja,Ja,Ja,Ja,Ja,Ja,Nein,Ja,Ja,Ja,Hat nicht teilgenommen,Nein,Nein,Ja,Ja,Ja,Ja,Nein,Ja,Nein,Ja,Nein,Nein,Ja,Ja,Hat nicht teilgenommen,Ja,Ja,Nein,Nein,Nein,Nein,Nein,Nein,Ja,Nein,Ja,Ja,Nein,Ja,Nein,Ja,Ja,Ja,Ja,Nein,Ja,Ja,Yes,119,54,0,1,25,False
2013-04-16 17:55:14,NR,"RK-NR, RK-SR",EJPD,10.077,Schuldbetreibungs- und Konkursgesetz. Sanierungsrecht,8821,,,Gesamtabstimmung,Bundesgesetz über Schuldbetreibung und Konkurs (SchKG),,Nein,Ja,Nein,Ja,Ja,Nein,Ja,Nein,Ja,Nein,Ja,Ja,Ja,Ja,Ja,Nein,Ja,Nein,Ja,Hat nicht teilgenommen,Hat nicht teilgenommen,Nein,Nein,Nein,Nein,Ja,Nein,Ja,Ja,Ja,Ja,Nein,Nein,Hat nicht teilgenommen,Ja,Ja,Ja,Nein,Hat nicht teilgenommen,Nein,Hat nicht teilgenommen,Nein,Entschuldigt,Nein,Hat nicht teilgenommen,Ja,Hat nicht teilgenommen,Hat nicht teilgenommen,Hat nicht teilgenommen,Nein,Ja,Ja,Nein,Nein,Nein,Nein,Nein,Ja,Ja,Ja,Ja,Ja,Nein,Nein,Hat nicht teilgenommen,Ja,Ja,Ja,Ja,Ja,Nein,Der Präsident stimmt nicht,Ja,Nein,Ja,Ja,Hat nicht teilgenommen,Ja,Ja,Ja,Ja,Ja,Hat nicht teilgenommen,Ja,Nein,Hat nicht teilgenommen,Ja,Nein,Hat nicht teilgenommen,Nein,Ja,Nein,Ja,Nein,Hat nicht teilgenommen,Ja,Ja,Nein,Ja,Enthaltung,Nein,Nein,Ja,Ja,Nein,Nein,Ja,Enthaltung,Ja,Nein,Ja,Ja,Nein,Enthaltung,Ja,Ja,Nein,Ja,Ja,Ja,Nein,Nein,Ja,Ja,Ja,Nein,Hat nicht teilgenommen,Nein,Ja,Nein,Ja,Hat nicht teilgenommen,Hat nicht teilgenommen,Ja,Nein,Ja,Nein,Ja,Nein,Nein,Nein,Nein,Enthaltung,Nein,Ja,Ja,Ja,Hat nicht teilgenommen,Ja,Nein,Nein,Ja,Nein,Nein,Ja,Nein,Ja,Ja,Ja,Nein,Nein,Nein,Hat nicht teilgenommen,Ja,Ja,Nein,Ja,Ja,Nein,Ja,Ja,Ja,Nein,Ja,Ja,Nein,Nein,Hat nicht teilgenommen,Nein,Ja,Ja,Ja,Ja,Ja,Ja,Ja,Nein,Ja,Nein,Ja,Ja,Nein,Ja,Nein,Nein,Nein,Ja,Ja,Nein,Ja,Yes,99,74,4,1,21,False
2013-04-16 18:50:41,NR,"SPK-NR, SPK-SR",EJPD,12.069,Kompetenz zum Abschluss völkerrechtlicher Verträge. Vorläufige Anwendung und Verträge von beschränkter Tragweite,8823,Antrag der Mehrheit,Antrag des Bundesrates,Art. 7b (gilt auch für Art. 152 Abs. 3bis ParlG),Bundesgesetz über die Kompetenz zum Abschluss völkerrechtlicher Verträge von beschränkter Tragweite und über die vorläufige Anwendung völkerrechtlicher Verträge (Änderung des Regierungs- und Verwaltungsorganisationsgesetzes und des Parlamentsgesetzes),,Ja,Ja,Ja,Ja,Ja,Ja,Ja,Ja,Ja,Hat nicht teilgenommen,Ja,Ja,Ja,Ja,Ja,Ja,Ja,Ja,Ja,Hat nicht teilgenommen,Hat nicht teilgenommen,Ja,Ja,Ja,Ja,Ja,Ja,Ja,Ja,Ja,Ja,Ja,Ja,Hat nicht teilgenommen,Ja,Ja,Ja,Hat nicht teilgenommen,Hat nicht teilgenommen,Ja,Hat nicht teilgenommen,Ja,Entschuldigt,Ja,Hat nicht teilgenommen,Ja,Hat nicht teilgenommen,Hat nicht teilgenommen,Hat nicht teilgenommen,Ja,Ja,Ja,Ja,Ja,Hat nicht teilgenommen,Hat nicht teilgenommen,Ja,Ja,Ja,Ja,Ja,Ja,Ja,Ja,Hat nicht teilgenommen,Ja,Ja,Ja,Ja,Ja,Ja,Der Präsident stimmt nicht,Hat nicht teilgenommen,Ja,Ja,Ja,Hat nicht teilgenommen,Ja,Ja,Ja,Ja,Ja,Hat nicht teilgenommen,Ja,Ja,Hat nicht teilgenommen,Ja,Ja,Hat nicht teilgenommen,Ja,Hat nicht teilgenommen,Ja,Ja,Ja,Hat nicht teilgenommen,Ja,Ja,Ja,Ja,Hat nicht teilgenommen,Ja,Ja,Ja,Ja,Ja,Ja,Ja,Ja,Ja,Hat nicht teilgenommen,Hat nicht teilgenommen,Ja,Ja,Ja,Ja,Ja,Hat nicht teilgenommen,Ja,Ja,Ja,Ja,Ja,Ja,Ja,Ja,Ja,Hat nicht teilgenommen,Ja,Ja,Ja,Hat nicht teilgenommen,Hat nicht teilgenommen,Hat nicht teilgenommen,Hat nicht teilgenommen,Ja,Ja,Ja,Ja,Ja,Ja,Ja,Ja,Ja,Ja,Ja,Ja,Hat nicht teilgenommen,Hat nicht teilgenommen,Ja,Ja,Ja,Ja,Ja,Ja,Ja,Ja,Ja,Ja,Ja,Ja,Ja,Ja,Hat nicht teilgenommen,Ja,Ja,Ja,Ja,Ja,Ja,Ja,Ja,Ja,Ja,Ja,Ja,Ja,Ja,Hat nicht teilgenommen,Ja,Ja,Ja,Ja,Ja,Ja,Ja,Ja,Ja,Ja,Ja,Ja,Ja,Ja,Ja,Hat nicht teilgenommen,Hat nicht teilgenommen,Ja,Ja,Ja,Ja,Ja,Yes,162,0,0,1,36,False
2013-04-16 18:51:19,NR,"SPK-NR, SPK-SR",EJPD,12.069,Kompetenz zum Abschluss völkerrechtlicher Verträge. Vorläufige Anwendung und Verträge von beschränkter Tragweite,8824,Antrag der Mehrheit,Antrag der Minderheit Joder,Art. 7b (gilt auch für Art. 152 Abs. 3bis ParlG),Bundesgesetz über die Kompetenz zum Abschluss völkerrechtlicher Verträge von beschränkter Tragweite und über die vorläufige Anwendung völkerrechtlicher Verträge (Änderung des Regierungs- und Verwaltungsorganisationsgesetzes und des Parlamentsgesetzes),,Nein,Ja,Nein,Ja,Ja,Nein,Ja,Nein,Ja,Hat nicht teilgenommen,Ja,Ja,Ja,Ja,Ja,Nein,Ja,Nein,Ja,Hat nicht teilgenommen,Hat nicht teilgenommen,Ja,Nein,Nein,Nein,Nein,Nein,Ja,Nein,Ja,Ja,Ja,Ja,Hat nicht teilgenommen,Ja,Ja,Ja,Hat nicht teilgenommen,Hat nicht teilgenommen,Nein,Hat nicht teilgenommen,Nein,Entschuldigt,Ja,Hat nicht teilgenommen,Ja,Hat nicht teilgenommen,Hat nicht teilgenommen,Hat nicht teilgenommen,Ja,Ja,Ja,Nein,Ja,Hat nicht teilgenommen,Hat nicht teilgenommen,Nein,Ja,Ja,Ja,Enthaltung,Ja,Nein,Ja,Hat nicht teilgenommen,Ja,Ja,Nein,Ja,Nein,Ja,Der Präsident stimmt nicht,Hat nicht teilgenommen,Nein,Ja,Ja,Hat nicht teilgenommen,Nein,Ja,Ja,Ja,Ja,Hat nicht teilgenommen,Ja,Nein,Hat nicht teilgenommen,Ja,Nein,Hat nicht teilgenommen,Ja,Hat nicht teilgenommen,Ja,Nein,Nein,Hat nicht teilgenommen,Ja,Ja,Nein,Ja,Hat nicht teilgenommen,Nein,Nein,Ja,Ja,Nein,Nein,Ja,Nein,Ja,Hat nicht teilgenommen,Hat nicht teilgenommen,Ja,Ja,Nein,Ja,Ja,Hat nicht teilgenommen,Ja,Ja,Ja,Ja,Nein,Ja,Ja,Nein,Ja,Hat nicht teilgenommen,Ja,Ja,Nein,Hat nicht teilgenommen,Hat nicht teilgenommen,Hat nicht teilgenommen,Hat nicht teilgenommen,Ja,Ja,Nein,Ja,Nein,Ja,Nein,Nein,Hat nicht teilgenommen,Nein,Ja,Nein,Hat nicht teilgenommen,Hat nicht teilgenommen,Nein,Nein,Nein,Ja,Ja,Nein,Ja,Nein,Nein,Nein,Ja,Nein,Nein,Nein,Hat nicht teilgenommen,Ja,Ja,Ja,Ja,Ja,Ja,Ja,Ja,Ja,Nein,Ja,Ja,Nein,Nein,Hat nicht teilgenommen,Ja,Ja,Ja,Ja,Ja,Ja,Ja,Ja,Nein,Ja,Ja,Ja,Ja,Nein,Ja,Hat nicht teilgenommen,Hat nicht teilgenommen,Ja,Ja,Ja,Nein,Ja,Yes,103,57,1,1,37,False
2013-04-16 18:52:21,NR,"SPK-NR, SPK-SR",EJPD,12.069,Kompetenz zum Abschluss völkerrechtlicher Verträge. Vorläufige Anwendung und Verträge von beschränkter Tragweite,8825,,,Gesamtabstimmung,Bundesgesetz über die Kompetenz zum Abschluss völkerrechtlicher Verträge von beschränkter Tragweite und über die vorläufige Anwendung völkerrechtlicher Verträge (Änderung des Regierungs- und Verwaltungsorganisationsgesetzes und des Parlamentsgesetzes),,Ja,Ja,Enthaltung,Ja,Ja,Ja,Ja,Ja,Ja,Hat nicht teilgenommen,Ja,Ja,Ja,Ja,Ja,Enthaltung,Ja,Enthaltung,Ja,Hat nicht teilgenommen,Hat nicht teilgenommen,Ja,Ja,Ja,Ja,Ja,Ja,Ja,Ja,Ja,Ja,Ja,Ja,Hat nicht teilgenommen,Ja,Ja,Ja,Hat nicht teilgenommen,Hat nicht teilgenommen,Ja,Hat nicht teilgenommen,Ja,Entschuldigt,Ja,Hat nicht teilgenommen,Ja,Hat nicht teilgenommen,Hat nicht teilgenommen,Hat nicht teilgenommen,Ja,Ja,Ja,Ja,Ja,Hat nicht teilgenommen,Hat nicht teilgenommen,Ja,Ja,Ja,Ja,Ja,Ja,Ja,Ja,Hat nicht teilgenommen,Ja,Ja,Ja,Ja,Ja,Ja,Der Präsident stimmt nicht,Hat nicht teilgenommen,Ja,Ja,Ja,Hat nicht teilgenommen,Ja,Ja,Ja,Ja,Ja,Hat nicht teilgenommen,Ja,Ja,Hat nicht teilgenommen,Ja,Ja,Hat nicht teilgenommen,Ja,Hat nicht teilgenommen,Ja,Ja,Ja,Hat nicht teilgenommen,Ja,Ja,Ja,Ja,Hat nicht teilgenommen,Ja,Ja,Ja,Ja,Ja,Ja,Ja,Ja,Ja,Hat nicht teilgenommen,Hat nicht teilgenommen,Ja,Ja,Ja,Ja,Ja,Hat nicht teilgenommen,Ja,Ja,Ja,Ja,Ja,Ja,Ja,Ja,Ja,Hat nicht teilgenommen,Ja,Ja,Enthaltung,Hat nicht teilgenommen,Hat nicht teilgenommen,Hat nicht teilgenommen,Hat nicht teilgenommen,Ja,Ja,Ja,Ja,Ja,Ja,Ja,Ja,Ja,Ja,Ja,Ja,Hat nicht teilgenommen,Hat nicht teilgenommen,Ja,Ja,Ja,Ja,Ja,Enthaltung,Ja,Hat nicht teilgenommen,Ja,Ja,Ja,Ja,Ja,Enthaltung,Hat nicht teilgenommen,Ja,Ja,Ja,Ja,Ja,Ja,Ja,Ja,Ja,Ja,Ja,Ja,Ja,Ja,Hat nicht teilgenommen,Ja,Ja,Ja,Ja,Ja,Ja,Ja,Ja,Ja,Ja,Ja,Ja,Ja,Ja,Ja,Hat nicht teilgenommen,Hat nicht teilgenommen,Ja,Ja,Ja,Ja,Ja,Yes,155,0,6,1,37,False
2013-04-17 09:57:02,NR,,EJPD,11.3765,Ausschaffung krimineller Ausländerinnen und Ausländer. Entwicklungshilfe an Rückübernahmeabkommen koppeln,8827,Annahme der Motion,Ablehnung der Motion,,,,Ja,Nein,Ja,Nein,Nein,Ja,Nein,Ja,Nein,Ja,Nein,Nein,Nein,Nein,Hat nicht teilgenommen,Ja,Nein,Ja,Nein,Ja,Ja,Nein,Ja,Ja,Ja,Ja,Ja,Nein,Ja,Nein,Nein,Nein,Nein,Nein,Nein,Ja,Nein,Ja,Hat nicht teilgenommen,Ja,Nein,Ja,Entschuldigt,Nein,Ja,Nein,Hat nicht teilgenommen,Enthaltung,Nein,Nein,Nein,Nein,Ja,Nein,Nein,Ja,Ja,Nein,Nein,Nein,Nein,Nein,Ja,Nein,Ja,Nein,Nein,Nein,Nein,Ja,Nein,Der Präsident stimmt nicht,Nein,Ja,Nein,Nein,Hat nicht teilgenommen,Ja,Nein,Nein,Nein,Nein,Nein,Nein,Ja,Ja,Nein,Ja,Nein,Nein,Nein,Nein,Nein,Ja,Nein,Nein,Nein,Ja,Nein,Nein,Ja,Ja,Nein,Nein,Ja,Ja,Nein,Ja,Nein,Nein,Hat nicht teilgenommen,Nein,Nein,Ja,Nein,Nein,Nein,Nein,Nein,Nein,Nein,Ja,Nein,Nein,Ja,Nein,Ja,Nein,Nein,Ja,Nein,Nein,Ja,Nein,Nein,Hat nicht teilgenommen,Ja,Nein,Ja,Nein,Ja,Nein,Ja,Ja,Nein,Ja,Nein,Hat nicht teilgenommen,Ja,Ja,Ja,Nein,Nein,Ja,Nein,Ja,Ja,Nein,Nein,Ja,Ja,Ja,Nein,Nein,Nein,Nein,Nein,Nein,Nein,Nein,Nein,Hat nicht teilgenommen,Ja,Nein,Nein,Ja,Ja,Nein,Nein,Nein,Hat nicht teilgenommen,Nein,Nein,Hat nicht teilgenommen,Nein,Nein,Ja,Nein,Nein,Nein,Nein,Ja,Nein,Ja,Ja,Hat nicht teilgenommen,Nein,Nein,Ja,Nein,No,67,119,1,1,11,False
2013-04-17 09:57:59,NR,SPK-SR,EJPD,11.3781,Nulltoleranz für randalierende Asylsuchende,8829,Annahme der Motion,Ablehnung der Motion,,,,Ja,Nein,Ja,Nein,Nein,Ja,Ja,Ja,Nein,Ja,Nein,Ja,Nein,Nein,Hat nicht teilgenommen,Ja,Nein,Ja,Nein,Ja,Ja,Ja,Ja,Ja,Ja,Ja,Ja,Ja,Ja,Ja,Nein,Ja,Ja,Nein,Nein,Ja,Ja,Ja,Hat nicht teilgenommen,Ja,Ja,Ja,Entschuldigt,Ja,Ja,Nein,Hat nicht teilgenommen,Ja,Nein,Ja,Nein,Nein,Ja,Ja,Ja,Ja,Ja,Nein,Nein,Nein,Ja,Nein,Ja,Ja,Ja,Nein,Nein,Ja,Nein,Ja,Ja,Der Präsident stimmt nicht,Nein,Ja,Nein,Nein,Hat nicht teilgenommen,Ja,Ja,Nein,Nein,Ja,Nein,Ja,Ja,Ja,Nein,Ja,Ja,Ja,Nein,Ja,Ja,Ja,Ja,Enthaltung,Nein,Ja,Nein,Nein,Ja,Ja,Nein,Nein,Ja,Ja,Ja,Ja,Nein,Ja,Hat nicht teilgenommen,Ja,Ja,Ja,Nein,Nein,Ja,Nein,Nein,Ja,Ja,Ja,Nein,Nein,Ja,Ja,Ja,Ja,Ja,Ja,Nein,Ja,Ja,Nein,Ja,Hat nicht teilgenommen,Ja,Nein,Ja,Ja,Ja,Ja,Ja,Ja,Nein,Ja,Ja,Hat nicht teilgenommen,Ja,Ja,Ja,Nein,Ja,Ja,Ja,Ja,Ja,Ja,Nein,Ja,Ja,Ja,Nein,Nein,Nein,Ja,Ja,Enthaltung,Ja,Nein,Ja,Hat nicht teilgenommen,Ja,Nein,Nein,Ja,Ja,Nein,Ja,Enthaltung,Hat nicht teilgenommen,Nein,Nein,Hat nicht teilgenommen,Nein,Enthaltung,Ja,Nein,Ja,Ja,Nein,Ja,Enthaltung,Ja,Ja,Ja,Nein,Nein,Ja,Ja,Yes,120,63,5,1,10,False
2013-04-17 09:58:52,NR,SPK-SR,EJPD,11.3802,Rückführungen per Zug!,8849,Annahme der Motion,Ablehnung der Motion,,,,Ja,Nein,Ja,Nein,Nein,Ja,Ja,Ja,Nein,Ja,Nein,Ja,Nein,Nein,Hat nicht teilgenommen,Ja,Nein,Ja,Nein,Ja,Ja,Ja,Ja,Ja,Ja,Ja,Ja,Ja,Ja,Nein,Nein,Ja,Ja,Nein,Nein,Ja,Ja,Ja,Hat nicht teilgenommen,Ja,Ja,Ja,Entschuldigt,Ja,Ja,Nein,Hat nicht teilgenommen,Ja,Nein,Ja,Nein,Nein,Ja,Ja,Ja,Ja,Ja,Nein,Nein,Nein,Ja,Nein,Ja,Ja,Ja,Nein,Ja,Ja,Nein,Nein,Ja,Der Präsident stimmt nicht,Nein,Ja,Nein,Nein,Hat nicht teilgenommen,Ja,Ja,Nein,Nein,Ja,Nein,Ja,Ja,Ja,Nein,Ja,Ja,Ja,Nein,Ja,Ja,Ja,Ja,Nein,Nein,Ja,Nein,Nein,Ja,Ja,Nein,Nein,Ja,Ja,Ja,Ja,Nein,Ja,Hat nicht teilgenommen,Ja,Ja,Ja,Nein,Nein,Ja,Nein,Nein,Ja,Ja,Ja,Nein,Nein,Ja,Ja,Ja,Ja,Ja,Ja,Nein,Ja,Ja,Nein,Ja,Hat nicht teilgenommen,Ja,Nein,Ja,Ja,Ja,Ja,Ja,Ja,Nein,Ja,Ja,Hat nicht teilgenommen,Ja,Ja,Ja,Nein,Ja,Ja,Ja,Ja,Ja,Ja,Nein,Ja,Ja,Ja,Nein,Nein,Nein,Ja,Ja,Enthaltung,Ja,Nein,Ja,Hat nicht teilgenommen,Ja,Nein,Nein,Ja,Ja,Nein,Ja,Nein,Hat nicht teilgenommen,Nein,Nein,Hat nicht teilgenommen,Nein,Enthaltung,Ja,Nein,Ja,Ja,Ja,Ja,Nein,Ja,Ja,Ja,Nein,Nein,Ja,Nein,Yes,119,67,2,1,10,False
2013-04-17 10:00:04,NR,"SPK-NR, SPK-SR",EJPD,11.3831,Asylbewerber. Rückübernahmeabkommen mit den wichtigsten Herkunftsländern aushandeln,8831,Annahme der Motion,Ablehnung der Motion,,,,Ja,Enthaltung,Ja,Enthaltung,Nein,Ja,Enthaltung,Ja,Nein,Ja,Nein,Ja,Nein,Nein,Hat nicht teilgenommen,Ja,Enthaltung,Ja,Nein,Ja,Ja,Ja,Ja,Ja,Ja,Ja,Ja,Ja,Ja,Ja,Enthaltung,Ja,Ja,Nein,Nein,Ja,Ja,Ja,Hat nicht teilgenommen,Ja,Ja,Ja,Entschuldigt,Ja,Ja,Enthaltung,Hat nicht teilgenommen,Ja,Nein,Ja,Nein,Nein,Ja,Ja,Ja,Ja,Ja,Nein,Nein,Enthaltung,Nein,Nein,Ja,Ja,Ja,Nein,Nein,Ja,Nein,Ja,Ja,Der Präsident stimmt nicht,Enthaltung,Ja,Enthaltung,Nein,Hat nicht teilgenommen,Ja,Nein,Nein,Enthaltung,Nein,Enthaltung,Nein,Ja,Ja,Enthaltung,Ja,Nein,Ja,Nein,Ja,Ja,Ja,Ja,Nein,Nein,Ja,Nein,Enthaltung,Ja,Ja,Nein,Nein,Ja,Ja,Nein,Ja,Nein,Ja,Hat nicht teilgenommen,Ja,Ja,Ja,Nein,Nein,Ja,Nein,Enthaltung,Enthaltung,Ja,Ja,Nein,Nein,Ja,Ja,Ja,Ja,Ja,Ja,Enthaltung,Enthaltung,Ja,Nein,Ja,Hat nicht teilgenommen,Ja,Nein,Ja,Ja,Ja,Ja,Ja,Ja,Nein,Ja,Nein,Hat nicht teilgenommen,Ja,Ja,Ja,Nein,Ja,Ja,Enthaltung,Ja,Ja,Ja,Nein,Ja,Ja,Ja,Nein,Nein,Nein,Ja,Ja,Enthaltung,Ja,Enthaltung,Ja,Hat nicht teilgenommen,Ja,Enthaltung,Nein,Ja,Ja,Nein,Ja,Nein,Hat nicht teilgenommen,Nein,Nein,Hat nicht teilgenommen,Nein,Enthaltung,Ja,Nein,Ja,Enthaltung,Nein,Ja,Enthaltung,Ja,Ja,Ja,Nein,Nein,Ja,Nein,Yes,107,57,24,1,10,False
2013-04-17 10:01:03,NR,"SPK-NR, SPK-SR",EJPD,11.3832,Asylbewerber. Rückübernahmeabkommen von Algerien umsetzen lassen,8832,Annahme der Motion,Ablehnung der Motion,,,,Ja,Enthaltung,Ja,Enthaltung,Nein,Ja,Enthaltung,Ja,Enthaltung,Ja,Nein,Ja,Nein,Nein,Hat nicht teilgenommen,Ja,Enthaltung,Ja,Nein,Ja,Ja,Ja,Ja,Ja,Ja,Ja,Ja,Ja,Ja,Ja,Enthaltung,Ja,Ja,Nein,Enthaltung,Ja,Ja,Ja,Hat nicht teilgenommen,Ja,Ja,Ja,Entschuldigt,Ja,Ja,Enthaltung,Hat nicht teilgenommen,Ja,Nein,Ja,Nein,Nein,Ja,Ja,Ja,Ja,Ja,Nein,Nein,Enthaltung,Nein,Nein,Ja,Ja,Ja,Nein,Nein,Ja,Nein,Ja,Ja,Der Präsident stimmt nicht,Enthaltung,Ja,Enthaltung,Nein,Hat nicht teilgenommen,Ja,Enthaltung,Nein,Enthaltung,Ja,Enthaltung,Nein,Ja,Ja,Nein,Ja,Ja,Ja,Nein,Ja,Ja,Ja,Ja,Nein,Enthaltung,Ja,Nein,Enthaltung,Ja,Ja,Nein,Nein,Ja,Ja,Nein,Ja,Nein,Ja,Hat nicht teilgenommen,Ja,Ja,Ja,Nein,Nein,Ja,Nein,Enthaltung,Ja,Ja,Ja,Nein,Nein,Ja,Ja,Ja,Ja,Ja,Ja,Enthaltung,Ja,Ja,Nein,Ja,Hat nicht teilgenommen,Ja,Nein,Ja,Ja,Ja,Ja,Ja,Ja,Nein,Ja,Nein,Hat nicht teilgenommen,Ja,Ja,Ja,Nein,Ja,Ja,Enthaltung,Ja,Ja,Ja,Nein,Ja,Ja,Ja,Nein,Nein,Nein,Ja,Ja,Enthaltung,Ja,Enthaltung,Ja,Hat nicht teilgenommen,Ja,Enthaltung,Nein,Ja,Ja,Nein,Ja,Enthaltung,Hat nicht teilgenommen,Nein,Nein,Hat nicht teilgenommen,Nein,Enthaltung,Ja,Nein,Ja,Enthaltung,Nein,Ja,Enthaltung,Ja,Ja,Ja,Nein,Nein,Ja,Nein,Yes,111,51,26,1,10,False
2013-04-17 10:02:02,NR,,EJPD,11.3833,Ein Asylgesuch mit einer Beschwerdemöglichkeit reicht. Keine Wiedererwägungs- und Mehrfachgesuche mehr,8833,Annahme der Motion,Ablehnung der Motion,,,,Ja,Nein,Ja,Nein,Nein,Ja,Nein,Ja,Nein,Ja,Nein,Nein,Nein,Nein,Hat nicht teilgenommen,Ja,Nein,Ja,Nein,Ja,Ja,Nein,Ja,Ja,Ja,Ja,Ja,Nein,Enthaltung,Nein,Nein,Enthaltung,Enthaltung,Nein,Nein,Nein,Nein,Ja,Hat nicht teilgenommen,Ja,Nein,Ja,Entschuldigt,Ja,Ja,Nein,Hat nicht teilgenommen,Ja,Nein,Ja,Nein,Nein,Ja,Nein,Nein,Ja,Ja,Nein,Nein,Nein,Nein,Nein,Ja,Nein,Ja,Nein,Nein,Enthaltung,Nein,Nein,Ja,Der Präsident stimmt nicht,Nein,Ja,Nein,Nein,Hat nicht teilgenommen,Enthaltung,Ja,Nein,Nein,Nein,Nein,Nein,Ja,Ja,Nein,Ja,Nein,Nein,Nein,Nein,Nein,Ja,Enthaltung,Nein,Nein,Ja,Nein,Nein,Ja,Ja,Nein,Nein,Ja,Ja,Nein,Ja,Nein,Ja,Hat nicht teilgenommen,Nein,Enthaltung,Ja,Nein,Nein,Nein,Nein,Nein,Nein,Nein,Ja,Nein,Nein,Ja,Enthaltung,Ja,Ja,Nein,Ja,Nein,Nein,Ja,Nein,Nein,Hat nicht teilgenommen,Ja,Nein,Ja,Nein,Ja,Ja,Enthaltung,Ja,Nein,Nein,Nein,Hat nicht teilgenommen,Enthaltung,Ja,Ja,Nein,Nein,Ja,Nein,Ja,Ja,Nein,Nein,Ja,Ja,Ja,Nein,Nein,Nein,Ja,Nein,Nein,Nein,Nein,Nein,Hat nicht teilgenommen,Ja,Nein,Nein,Ja,Ja,Nein,Enthaltung,Nein,Hat nicht teilgenommen,Nein,Nein,Hat nicht teilgenommen,Nein,Nein,Ja,Nein,Ja,Nein,Nein,Ja,Nein,Ja,Ja,Ja,Nein,Nein,Ja,Nein,No,71,106,11,1,10,False
2013-04-17 10:03:04,NR,,EJPD,11.3842,Abkommen mit afrikanischen Drittstaaten zur Rückführung abgewiesener Asylbewerber,8834,Annahme der Motion,Ablehnung der Motion,,,,Ja,Nein,Ja,Nein,Nein,Ja,Enthaltung,Ja,Nein,Ja,Nein,Ja,Nein,Nein,Hat nicht teilgenommen,Ja,Nein,Ja,Nein,Ja,Ja,Nein,Ja,Ja,Ja,Ja,Ja,Ja,Ja,Ja,Nein,Nein,Nein,Nein,Nein,Ja,Ja,Ja,Hat nicht teilgenommen,Ja,Nein,Ja,Entschuldigt,Nein,Ja,Nein,Hat nicht teilgenommen,Nein,Nein,Ja,Nein,Nein,Ja,Nein,Nein,Ja,Ja,Nein,Nein,Nein,Nein,Nein,Ja,Nein,Ja,Nein,Nein,Ja,Nein,Ja,Nein,Der Präsident stimmt nicht,Nein,Ja,Nein,Nein,Hat nicht teilgenommen,Ja,Nein,Nein,Nein,Nein,Nein,Nein,Ja,Ja,Nein,Ja,Nein,Nein,Nein,Nein,Ja,Ja,Nein,Nein,Nein,Ja,Nein,Nein,Ja,Ja,Nein,Nein,Ja,Ja,Nein,Ja,Nein,Ja,Nein,Ja,Enthaltung,Ja,Nein,Nein,Nein,Nein,Nein,Enthaltung,Enthaltung,Ja,Nein,Nein,Ja,Nein,Ja,Ja,Ja,Ja,Nein,Enthaltung,Ja,Nein,Nein,Hat nicht teilgenommen,Ja,Nein,Ja,Nein,Ja,Ja,Ja,Ja,Nein,Ja,Nein,Hat nicht teilgenommen,Ja,Ja,Ja,Nein,Nein,Ja,Enthaltung,Ja,Ja,Ja,Nein,Ja,Ja,Ja,Nein,Nein,Nein,Nein,Ja,Enthaltung,Nein,Nein,Ja,Hat nicht teilgenommen,Ja,Nein,Nein,Ja,Ja,Nein,Nein,Nein,Hat nicht teilgenommen,Nein,Nein,Hat nicht teilgenommen,Nein,Nein,Ja,Nein,Nein,Enthaltung,Nein,Ja,Nein,Ja,Ja,Enthaltung,Nein,Nein,Ja,Nein,No,82,98,9,1,9,False
2013-04-17 10:04:01,NR,,EJPD,11.3920,Kein Familiennachzug für vorläufig Aufgenommene,8835,Annahme der Motion,Ablehnung der Motion,,,,Ja,Nein,Ja,Nein,Nein,Ja,Nein,Ja,Nein,Ja,Nein,Nein,Nein,Nein,Hat nicht teilgenommen,Ja,Nein,Ja,Nein,Ja,Ja,Ja,Ja,Ja,Ja,Ja,Ja,Nein,Enthaltung,Nein,Nein,Ja,Ja,Nein,Nein,Nein,Nein,Ja,Hat nicht teilgenommen,Ja,Ja,Ja,Entschuldigt,Ja,Ja,Nein,Hat nicht teilgenommen,Ja,Nein,Ja,Nein,Nein,Ja,Ja,Ja,Ja,Ja,Nein,Nein,Nein,Ja,Nein,Ja,Enthaltung,Ja,Nein,Nein,Enthaltung,Nein,Nein,Ja,Nein,Nein,Ja,Nein,Nein,Hat nicht teilgenommen,Enthaltung,Ja,Nein,Nein,Nein,Nein,Nein,Ja,Ja,Nein,Ja,Nein,Ja,Nein,Ja,Enthaltung,Ja,Ja,Nein,Nein,Ja,Nein,Nein,Ja,Ja,Nein,Nein,Ja,Ja,Ja,Ja,Nein,Ja,Nein,Nein,Ja,Ja,Nein,Nein,Ja,Nein,Nein,Nein,Enthaltung,Ja,Nein,Nein,Ja,Ja,Ja,Ja,Nein,Ja,Nein,Nein,Ja,Nein,Ja,Hat nicht teilgenommen,Ja,Nein,Ja,Ja,Ja,Ja,Ja,Ja,Nein,Ja,Nein,Hat nicht teilgenommen,Enthaltung,Ja,Ja,Nein,Ja,Ja,Nein,Ja,Nein,Nein,Nein,Ja,Ja,Ja,Nein,Nein,Nein,Ja,Nein,Nein,Ja,Nein,Nein,Hat nicht teilgenommen,Ja,Nein,Nein,Ja,Ja,Nein,Ja,Nein,Hat nicht teilgenommen,Nein,Nein,Hat nicht teilgenommen,Nein,Nein,Ja,Nein,Ja,Nein,Nein,Ja,Nein,Ja,Ja,Ja,Nein,Nein,Ja,Nein,No,91,92,7,1,9,True
2013-04-17 10:04:53,NR,,EJPD,11.3952,Zwangsmassnahmen für nichtkriminelle Ausländerinnen und Ausländer lockern,8836,Annahme der Motion,Ablehnung der Motion,,,,Nein,Ja,Nein,Ja,Ja,Nein,Nein,Nein,Ja,Nein,Ja,Ja,Nein,Ja,Hat nicht teilgenommen,Nein,Ja,Nein,Nein,Nein,Nein,Nein,Hat nicht teilgenommen,Nein,Nein,Nein,Nein,Nein,Nein,Nein,Ja,Nein,Nein,Nein,Ja,Nein,Nein,Nein,Hat nicht teilgenommen,Nein,Nein,Nein,Entschuldigt,Nein,Nein,Ja,Hat nicht teilgenommen,Nein,Ja,Nein,Nein,Nein,Nein,Nein,Nein,Nein,Nein,Ja,Ja,Ja,Nein,Nein,Nein,Nein,Nein,Ja,Ja,Nein,Ja,Nein,Nein,Der Präsident stimmt nicht,Ja,Nein,Ja,Nein,Hat nicht teilgenommen,Nein,Nein,Ja,Ja,Nein,Ja,Nein,Nein,Nein,Ja,Nein,Nein,Nein,Ja,Nein,Nein,Nein,Nein,Nein,Ja,Nein,Ja,Ja,Nein,Nein,Nein,Ja,Nein,Nein,Nein,Nein,Ja,Nein,Ja,Nein,Nein,Nein,Nein,Ja,Nein,Ja,Ja,Nein,Nein,Nein,Nein,Ja,Nein,Nein,Nein,Nein,Nein,Nein,Ja,Enthaltung,Nein,Ja,Nein,Hat nicht teilgenommen,Nein,Ja,Nein,Nein,Nein,Nein,Nein,Nein,Ja,Nein,Nein,Hat nicht teilgenommen,Nein,Nein,Nein,Ja,Nein,Nein,Nein,Nein,Nein,Nein,Ja,Nein,Nein,Nein,Ja,Ja,Ja,Nein,Nein,Nein,Nein,Ja,Nein,Hat nicht teilgenommen,Nein,Ja,Ja,Nein,Nein,Ja,Nein,Nein,Hat nicht teilgenommen,Ja,Ja,Hat nicht teilgenommen,Ja,Ja,Nein,Ja,Nein,Nein,Ja,Nein,Ja,Nein,Nein,Nein,Nein,Ja,Nein,Nein,No,56,131,1,1,10,False
2013-04-17 10:05:41,NR,,EJPD,11.3953,Aufhebung der Zwangsmassnahmen für nichtkriminelle Ausländerinnen und Ausländer,8837,Annahme der Motion,Ablehnung der Motion,,,,Nein,Ja,Nein,Ja,Ja,Nein,Nein,Nein,Ja,Nein,Ja,Ja,Nein,Ja,Hat nicht teilgenommen,Nein,Ja,Nein,Nein,Nein,Nein,Nein,Nein,Nein,Nein,Nein,Nein,Nein,Nein,Nein,Ja,Nein,Nein,Nein,Ja,Nein,Nein,Nein,Hat nicht teilgenommen,Nein,Nein,Nein,Entschuldigt,Nein,Nein,Ja,Hat nicht teilgenommen,Nein,Ja,Nein,Nein,Nein,Nein,Nein,Nein,Nein,Nein,Ja,Ja,Ja,Nein,Nein,Nein,Nein,Nein,Ja,Ja,Nein,Ja,Nein,Nein,Der Präsident stimmt nicht,Ja,Nein,Ja,Nein,Hat nicht teilgenommen,Nein,Nein,Ja,Ja,Nein,Ja,Nein,Nein,Nein,Ja,Nein,Nein,Nein,Ja,Nein,Nein,Nein,Nein,Nein,Ja,Nein,Ja,Ja,Nein,Nein,Nein,Ja,Nein,Nein,Nein,Nein,Ja,Nein,Ja,Nein,Nein,Nein,Nein,Ja,Nein,Ja,Ja,Nein,Nein,Nein,Nein,Ja,Nein,Nein,Nein,Nein,Nein,Nein,Ja,Enthaltung,Nein,Ja,Nein,Hat nicht teilgenommen,Nein,Ja,Nein,Nein,Nein,Nein,Nein,Nein,Ja,Nein,Nein,Hat nicht teilgenommen,Nein,Nein,Nein,Ja,Nein,Nein,Nein,Nein,Nein,Nein,Ja,Nein,Nein,Nein,Ja,Ja,Ja,Nein,Nein,Nein,Nein,Ja,Nein,Hat nicht teilgenommen,Nein,Ja,Ja,Nein,Nein,Ja,Nein,Nein,Hat nicht teilgenommen,Ja,Ja,Hat nicht teilgenommen,Ja,Ja,Nein,Ja,Nein,Nein,Ja,Nein,Ja,Nein,Nein,Nein,Nein,Ja,Nein,Nein,No,56,132,1,1,9,False
2013-04-17 10:06:25,NR,,EJPD,11.3997,Statistik zu den Zwangsmassnahmen gegenüber Ausländerinnen und Ausländern,8838,Annahme des Postulates,Ablehnung des Postulats,,,,Nein,Ja,Nein,Ja,Ja,Nein,Nein,Nein,Ja,Nein,Ja,Nein,Nein,Ja,Hat nicht teilgenommen,Nein,Ja,Nein,Nein,Nein,Nein,Nein,Nein,Nein,Nein,Nein,Nein,Nein,Nein,Nein,Ja,Nein,Nein,Nein,Ja,Nein,Nein,Nein,Hat nicht teilgenommen,Nein,Nein,Nein,Entschuldigt,Nein,Nein,Ja,Hat nicht teilgenommen,Nein,Ja,Nein,Nein,Nein,Nein,Nein,Nein,Nein,Nein,Ja,Ja,Ja,Nein,Nein,Nein,Nein,Nein,Ja,Ja,Nein,Ja,Nein,Nein,Der Präsident stimmt nicht,Ja,Nein,Ja,Nein,Hat nicht teilgenommen,Nein,Nein,Ja,Ja,Nein,Ja,Nein,Nein,Nein,Ja,Nein,Nein,Nein,Ja,Nein,Nein,Nein,Nein,Nein,Ja,Nein,Ja,Ja,Nein,Nein,Nein,Ja,Nein,Nein,Nein,Nein,Ja,Nein,Ja,Nein,Nein,Nein,Nein,Ja,Nein,Ja,Ja,Nein,Nein,Nein,Nein,Ja,Nein,Nein,Nein,Nein,Nein,Nein,Ja,Nein,Nein,Ja,Nein,Hat nicht teilgenommen,Nein,Ja,Nein,Nein,Nein,Nein,Nein,Nein,Ja,Nein,Nein,Hat nicht teilgenommen,Nein,Nein,Nein,Ja,Nein,Nein,Nein,Nein,Nein,Nein,Ja,Nein,Nein,Nein,Ja,Ja,Ja,Nein,Nein,Nein,Nein,Ja,Nein,Hat nicht teilgenommen,Nein,Ja,Ja,Nein,Nein,Ja,Nein,Nein,Hat nicht teilgenommen,Ja,Ja,Hat nicht teilgenommen,Ja,Ja,Nein,Ja,Nein,Nein,Ja,Nein,Ja,Nein,Nein,Nein,Nein,Ja,Nein,Nein,No,55,134,0,1,9,False
2013-04-17 10:07:19,NR,SPK-SR,EJPD,12.3052,Wohlstandsflüchtlinge direkt ins Heimatland wegweisen. Selbsteintrittsrecht nach Dublin II anrufen,8839,Annahme der Motion,Ablehnung der Motion,,,,Ja,Ja,Ja,Ja,Ja,Ja,Nein,Ja,Ja,Ja,Ja,Ja,Nein,Nein,Hat nicht teilgenommen,Ja,Ja,Ja,Nein,Ja,Ja,Ja,Ja,Ja,Ja,Ja,Ja,Ja,Ja,Ja,Ja,Ja,Ja,Nein,Nein,Ja,Ja,Ja,Hat nicht teilgenommen,Ja,Ja,Ja,Entschuldigt,Ja,Ja,Ja,Hat nicht teilgenommen,Ja,Nein,Ja,Nein,Nein,Ja,Ja,Ja,Ja,Ja,Enthaltung,Ja,Ja,Ja,Nein,Ja,Ja,Ja,Ja,Ja,Ja,Ja,Ja,Ja,Der Präsident stimmt nicht,Ja,Ja,Ja,Nein,Hat nicht teilgenommen,Ja,Ja,Nein,Nein,Ja,Ja,Ja,Ja,Ja,Ja,Ja,Ja,Ja,Ja,Ja,Ja,Ja,Ja,Enthaltung,Ja,Ja,Ja,Ja,Ja,Ja,Nein,Nein,Ja,Ja,Ja,Ja,Ja,Ja,Nein,Ja,Ja,Ja,Nein,Ja,Ja,Nein,Ja,Ja,Ja,Ja,Nein,Ja,Ja,Ja,Ja,Ja,Ja,Ja,Nein,Nein,Ja,Ja,Ja,Hat nicht teilgenommen,Ja,Nein,Ja,Ja,Ja,Ja,Ja,Ja,Ja,Ja,Ja,Hat nicht teilgenommen,Ja,Ja,Ja,Ja,Ja,Ja,Ja,Ja,Ja,Ja,Ja,Ja,Ja,Ja,Ja,Ja,Ja,Ja,Ja,Enthaltung,Ja,Ja,Ja,Hat nicht teilgenommen,Ja,Ja,Nein,Ja,Ja,Ja,Ja,Ja,Hat nicht teilgenommen,Ja,Ja,Hat nicht teilgenommen,Nein,Ja,Ja,Ja,Ja,Enthaltung,Ja,Ja,Ja,Ja,Ja,Ja,Nein,Nein,Ja,Ja,Yes,159,26,4,1,9,False
2013-04-17 10:08:01,NR,SiK-SR,EFD,12.3071,Grenzwachtkorps aufstocken,8840,Annahme der Motion,Ablehnung der Motion,,,,Ja,Ja,Ja,Ja,Ja,Ja,Ja,Ja,Ja,Ja,Ja,Ja,Nein,Ja,Hat nicht teilgenommen,Ja,Ja,Ja,Nein,Ja,Ja,Enthaltung,Ja,Ja,Ja,Ja,Ja,Ja,Ja,Ja,Ja,Enthaltung,Ja,Enthaltung,Ja,Ja,Ja,Ja,Hat nicht teilgenommen,Ja,Ja,Ja,Entschuldigt,Ja,Ja,Ja,Hat nicht teilgenommen,Ja,Ja,Ja,Nein,Nein,Ja,Ja,Ja,Ja,Ja,Ja,Ja,Ja,Ja,Nein,Ja,Ja,Ja,Ja,Ja,Ja,Nein,Ja,Ja,Der Präsident stimmt nicht,Ja,Ja,Ja,Nein,Hat nicht teilgenommen,Ja,Ja,Ja,Ja,Ja,Ja,Ja,Ja,Ja,Ja,Ja,Ja,Ja,Ja,Ja,Ja,Ja,Ja,Ja,Ja,Ja,Ja,Ja,Ja,Ja,Nein,Ja,Ja,Ja,Ja,Ja,Ja,Ja,Ja,Ja,Ja,Ja,Nein,Ja,Nein,Enthaltung,Ja,Ja,Ja,Ja,Nein,Nein,Ja,Ja,Ja,Ja,Ja,Ja,Ja,Ja,Ja,Ja,Ja,Hat nicht teilgenommen,Ja,Ja,Ja,Ja,Ja,Ja,Ja,Ja,Ja,Ja,Ja,Hat nicht teilgenommen,Ja,Ja,Ja,Ja,Ja,Ja,Ja,Ja,Ja,Ja,Ja,Ja,Ja,Ja,Ja,Ja,Ja,Ja,Ja,Ja,Ja,Ja,Ja,Hat nicht teilgenommen,Ja,Ja,Ja,Ja,Ja,Ja,Ja,Ja,Hat nicht teilgenommen,Ja,Nein,Hat nicht teilgenommen,Ja,Ja,Ja,Enthaltung,Ja,Ja,Ja,Ja,Ja,Ja,Ja,Ja,Nein,Ja,Ja,Ja,Yes,170,14,5,1,9,False
2013-04-17 10:08:48,NR,,EJPD,12.3117,Bericht über elektronische Identitätskontrollen an der Schweizer Grenze,8850,Annahme des Postulates,Ablehnung des Postulats,,,,Ja,Nein,Ja,Nein,Nein,Ja,Nein,Ja,Nein,Ja,Nein,Nein,Nein,Nein,Hat nicht teilgenommen,Ja,Nein,Ja,Nein,Ja,Ja,Nein,Ja,Ja,Ja,Nein,Ja,Nein,Nein,Nein,Nein,Nein,Nein,Nein,Nein,Nein,Nein,Ja,Hat nicht teilgenommen,Ja,Nein,Ja,Entschuldigt,Nein,Ja,Nein,Hat nicht teilgenommen,Nein,Nein,Nein,Nein,Nein,Ja,Nein,Nein,Ja,Ja,Nein,Nein,Nein,Nein,Nein,Ja,Nein,Ja,Nein,Nein,Nein,Nein,Nein,Ja,Der Präsident stimmt nicht,Nein,Ja,Nein,Nein,Hat nicht teilgenommen,Nein,Nein,Nein,Nein,Nein,Nein,Nein,Ja,Ja,Nein,Ja,Nein,Nein,Nein,Nein,Nein,Ja,Nein,Nein,Nein,Ja,Nein,Nein,Ja,Ja,Nein,Nein,Ja,Ja,Nein,Nein,Nein,Nein,Nein,Nein,Nein,Enthaltung,Nein,Nein,Nein,Nein,Nein,Nein,Nein,Ja,Nein,Nein,Ja,Nein,Ja,Nein,Nein,Ja,Nein,Nein,Ja,Nein,Nein,Hat nicht teilgenommen,Ja,Nein,Ja,Nein,Ja,Ja,Nein,Ja,Nein,Nein,Nein,Hat nicht teilgenommen,Nein,Ja,Ja,Nein,Nein,Ja,Nein,Ja,Nein,Nein,Nein,Ja,Ja,Ja,Nein,Nein,Nein,Nein,Nein,Nein,Nein,Nein,Nein,Hat nicht teilgenommen,Ja,Nein,Nein,Ja,Ja,Nein,Nein,Nein,Hat nicht teilgenommen,Nein,Enthaltung,Hat nicht teilgenommen,Nein,Nein,Ja,Nein,Nein,Nein,Nein,Ja,Nein,Ja,Ja,Nein,Nein,Nein,Ja,Nein,No,58,129,2,1,9,False
2013-04-17 10:09:29,NR,,EJPD,12.3126,Schengen-Abkommen kündigen,8841,Annahme der Motion,Ablehnung der Motion,,,,Enthaltung,Nein,Ja,Nein,Nein,Ja,Nein,Ja,Nein,Ja,Nein,Nein,Nein,Nein,Hat nicht teilgenommen,Ja,Nein,Ja,Nein,Ja,Ja,Nein,Ja,Ja,Ja,Nein,Ja,Nein,Nein,Nein,Nein,Nein,Nein,Nein,Nein,Nein,Nein,Ja,Hat nicht teilgenommen,Ja,Nein,Ja,Entschuldigt,Nein,Ja,Nein,Hat nicht teilgenommen,Nein,Nein,Nein,Nein,Nein,Ja,Nein,Nein,Ja,Ja,Nein,Nein,Nein,Nein,Nein,Ja,Nein,Ja,Nein,Nein,Nein,Enthaltung,Nein,Nein,Der Präsident stimmt nicht,Nein,Ja,Nein,Nein,Hat nicht teilgenommen,Nein,Nein,Nein,Nein,Nein,Nein,Nein,Ja,Ja,Nein,Ja,Nein,Nein,Nein,Nein,Nein,Ja,Nein,Nein,Nein,Ja,Nein,Nein,Ja,Ja,Nein,Nein,Ja,Ja,Nein,Nein,Nein,Enthaltung,Nein,Nein,Nein,Enthaltung,Nein,Nein,Nein,Nein,Nein,Nein,Nein,Ja,Nein,Ja,Nein,Nein,Ja,Nein,Nein,Ja,Nein,Nein,Ja,Nein,Nein,Hat nicht teilgenommen,Ja,Nein,Ja,Nein,Ja,Nein,Nein,Ja,Nein,Nein,Nein,Hat nicht teilgenommen,Nein,Ja,Ja,Nein,Nein,Ja,Nein,Ja,Nein,Nein,Nein,Ja,Ja,Ja,Nein,Enthaltung,Nein,Nein,Nein,Nein,Nein,Nein,Nein,Hat nicht teilgenommen,Ja,Nein,Nein,Ja,Ja,Nein,Nein,Nein,Hat nicht teilgenommen,Nein,Enthaltung,Hat nicht teilgenommen,Nein,Nein,Ja,Enthaltung,Nein,Nein,Nein,Ja,Nein,Ja,Ja,Nein,Nein,Nein,Ja,Nein,No,55,127,7,1,9,False
2013-04-17 10:10:17,NR,SiK-SR,EFD,12.3180,Aufstockung des Grenzwachtkorps,8842,Annahme der Motion,Ablehnung der Motion,,,,Ja,Ja,Ja,Ja,Enthaltung,Ja,Ja,Ja,Ja,Ja,Ja,Ja,Nein,Ja,Hat nicht teilgenommen,Ja,Ja,Ja,Nein,Ja,Ja,Enthaltung,Ja,Ja,Ja,Ja,Ja,Ja,Ja,Ja,Ja,Enthaltung,Ja,Enthaltung,Ja,Ja,Ja,Ja,Hat nicht teilgenommen,Ja,Ja,Ja,Entschuldigt,Ja,Ja,Ja,Hat nicht teilgenommen,Ja,Ja,Ja,Nein,Nein,Ja,Ja,Ja,Ja,Ja,Ja,Ja,Ja,Ja,Nein,Ja,Ja,Ja,Ja,Enthaltung,Ja,Nein,Ja,Ja,Der Präsident stimmt nicht,Ja,Ja,Ja,Nein,Hat nicht teilgenommen,Ja,Ja,Enthaltung,Ja,Ja,Ja,Ja,Ja,Ja,Enthaltung,Ja,Ja,Ja,Ja,Ja,Ja,Ja,Nein,Enthaltung,Ja,Ja,Ja,Ja,Ja,Ja,Nein,Ja,Ja,Ja,Ja,Ja,Ja,Ja,Ja,Ja,Ja,Ja,Nein,Ja,Nein,Enthaltung,Ja,Ja,Ja,Ja,Nein,Nein,Ja,Ja,Ja,Ja,Ja,Ja,Ja,Ja,Ja,Ja,Ja,Hat nicht teilgenommen,Ja,Enthaltung,Ja,Ja,Ja,Ja,Ja,Ja,Ja,Ja,Ja,Hat nicht teilgenommen,Ja,Ja,Ja,Ja,Ja,Ja,Ja,Ja,Ja,Ja,Ja,Ja,Ja,Ja,Ja,Nein,Ja,Ja,Ja,Ja,Ja,Ja,Ja,Hat nicht teilgenommen,Ja,Ja,Ja,Ja,Ja,Ja,Ja,Ja,Hat nicht teilgenommen,Ja,Nein,Hat nicht teilgenommen,Ja,Ja,Ja,Nein,Ja,Ja,Enthaltung,Ja,Ja,Ja,Ja,Ja,Nein,Enthaltung,Ja,Ja,Yes,160,17,12,1,9,False
2013-04-17 10:10:59,NR,,EJPD,12.3250,Schengen/Dublin muss endlich funktionieren,8843,Annahme des Postulates,Ablehnung des Postulats,,,,Ja,Nein,Ja,Nein,Nein,Ja,Ja,Ja,Nein,Ja,Nein,Ja,Nein,Nein,Hat nicht teilgenommen,Ja,Nein,Ja,Nein,Ja,Ja,Nein,Ja,Ja,Ja,Ja,Ja,Ja,Ja,Ja,Nein,Nein,Nein,Nein,Nein,Ja,Ja,Ja,Hat nicht teilgenommen,Ja,Nein,Ja,Entschuldigt,Nein,Ja,Nein,Hat nicht teilgenommen,Nein,Nein,Enthaltung,Nein,Nein,Ja,Nein,Nein,Ja,Ja,Nein,Nein,Nein,Ja,Nein,Ja,Nein,Ja,Enthaltung,Nein,Ja,Nein,Ja,Enthaltung,Der Präsident stimmt nicht,Nein,Ja,Nein,Nein,Hat nicht teilgenommen,Ja,Ja,Nein,Nein,Ja,Nein,Ja,Ja,Ja,Nein,Ja,Ja,Nein,Nein,Nein,Ja,Ja,Nein,Nein,Nein,Ja,Nein,Nein,Ja,Ja,Nein,Nein,Ja,Ja,Ja,Ja,Nein,Ja,Nein,Ja,Enthaltung,Ja,Nein,Nein,Nein,Nein,Nein,Ja,Enthaltung,Ja,Nein,Nein,Ja,Nein,Ja,Ja,Ja,Ja,Nein,Ja,Ja,Nein,Nein,Hat nicht teilgenommen,Ja,Nein,Ja,Nein,Ja,Ja,Ja,Ja,Nein,Ja,Ja,Hat nicht teilgenommen,Ja,Ja,Ja,Nein,Nein,Ja,Ja,Ja,Ja,Ja,Nein,Ja,Ja,Ja,Nein,Nein,Nein,Nein,Ja,Ja,Nein,Nein,Ja,Hat nicht teilgenommen,Ja,Nein,Nein,Ja,Ja,Nein,Enthaltung,Nein,Hat nicht teilgenommen,Nein,Nein,Hat nicht teilgenommen,Nein,Nein,Ja,Nein,Ja,Ja,Nein,Ja,Nein,Ja,Ja,Enthaltung,Nein,Nein,Ja,Ja,Yes,96,86,7,1,9,False
2013-04-17 10:11:49,NR,,EJPD,12.3488,Beschluss des EU-Ministerrates berücksichtigen und Grenzkontrollen wiedereinführen,8844,Annahme der Motion,Ablehnung der Motion,,,,Ja,Nein,Ja,Nein,Nein,Ja,Nein,Ja,Nein,Ja,Nein,Nein,Nein,Nein,Hat nicht teilgenommen,Ja,Nein,Ja,Nein,Ja,Ja,Nein,Ja,Ja,Ja,Nein,Ja,Nein,Enthaltung,Nein,Nein,Nein,Enthaltung,Nein,Nein,Nein,Nein,Ja,Hat nicht teilgenommen,Ja,Nein,Ja,Entschuldigt,Nein,Ja,Nein,Hat nicht teilgenommen,Nein,Nein,Nein,Nein,Nein,Ja,Nein,Nein,Ja,Ja,Hat nicht teilgenommen,Nein,Nein,Nein,Nein,Ja,Nein,Ja,Nein,Nein,Nein,Nein,Nein,Nein,Der Präsident stimmt nicht,Nein,Ja,Nein,Nein,Hat nicht teilgenommen,Nein,Nein,Nein,Nein,Nein,Nein,Nein,Ja,Ja,Nein,Ja,Nein,Nein,Nein,Nein,Nein,Ja,Nein,Nein,Nein,Ja,Nein,Nein,Ja,Ja,Nein,Nein,Ja,Ja,Nein,Nein,Nein,Nein,Nein,Nein,Nein,Ja,Nein,Nein,Nein,Nein,Nein,Nein,Nein,Ja,Nein,Nein,Nein,Nein,Ja,Nein,Nein,Ja,Nein,Nein,Ja,Nein,Nein,Hat nicht teilgenommen,Ja,Nein,Ja,Nein,Ja,Ja,Ja,Ja,Nein,Enthaltung,Nein,Hat nicht teilgenommen,Nein,Ja,Ja,Nein,Nein,Ja,Nein,Ja,Nein,Nein,Hat nicht teilgenommen,Ja,Ja,Ja,Nein,Nein,Nein,Nein,Nein,Nein,Nein,Nein,Nein,Hat nicht teilgenommen,Ja,Nein,Nein,Ja,Ja,Nein,Nein,Nein,Hat nicht teilgenommen,Nein,Nein,Hat nicht teilgenommen,Nein,Nein,Ja,Nein,Nein,Nein,Nein,Ja,Nein,Ja,Ja,Nein,Nein,Nein,Ja,Nein,No,58,126,3,1,11,False
2013-04-17 10:12:44,NR,,EJPD,12.3803,Sisyphusarbeit der Polizei gegen kriminelle Asylbewerber stoppen,8845,Annahme der Motion,Ablehnung der Motion,,,,Ja,Nein,Ja,Nein,Nein,Ja,Nein,Ja,Nein,Ja,Nein,Nein,Nein,Nein,Hat nicht teilgenommen,Ja,Nein,Ja,Nein,Ja,Ja,Nein,Ja,Ja,Ja,Ja,Ja,Nein,Ja,Nein,Nein,Nein,Nein,Nein,Nein,Ja,Nein,Ja,Hat nicht teilgenommen,Ja,Nein,Ja,Entschuldigt,Nein,Ja,Nein,Hat nicht teilgenommen,Nein,Nein,Nein,Nein,Nein,Ja,Nein,Nein,Ja,Ja,Nein,Nein,Nein,Ja,Nein,Ja,Nein,Ja,Nein,Nein,Enthaltung,Nein,Ja,Enthaltung,Der Präsident stimmt nicht,Nein,Ja,Nein,Nein,Hat nicht teilgenommen,Enthaltung,Ja,Nein,Nein,Ja,Nein,Ja,Ja,Ja,Nein,Ja,Ja,Nein,Nein,Nein,Ja,Ja,Nein,Nein,Nein,Ja,Nein,Nein,Ja,Ja,Nein,Nein,Ja,Ja,Ja,Ja,Nein,Nein,Nein,Nein,Enthaltung,Ja,Nein,Nein,Nein,Nein,Nein,Nein,Nein,Ja,Nein,Nein,Ja,Nein,Ja,Nein,Nein,Ja,Nein,Nein,Ja,Nein,Nein,Hat nicht teilgenommen,Ja,Nein,Ja,Nein,Ja,Ja,Ja,Ja,Nein,Ja,Nein,Hat nicht teilgenommen,Ja,Ja,Ja,Nein,Nein,Ja,Enthaltung,Ja,Ja,Nein,Nein,Ja,Ja,Ja,Nein,Nein,Nein,Nein,Ja,Nein,Nein,Nein,Ja,Hat nicht teilgenommen,Ja,Nein,Nein,Ja,Ja,Nein,Nein,Nein,Hat nicht teilgenommen,Nein,Nein,Hat nicht teilgenommen,Nein,Nein,Ja,Nein,Nein,Nein,Nein,Ja,Nein,Ja,Ja,Ja,Nein,Nein,Ja,Ja,No,78,106,5,1,9,False
2013-04-17 10:13:35,NR,SiK-SR,EJPD,12.3856,Bekämpfung der Kriminalität. Mehr grenzüberschreitende Zusammenarbeit,8846,Annahme der Motion,Ablehnung der Motion,,,,Ja,Ja,Enthaltung,Ja,Ja,Ja,Ja,Ja,Ja,Ja,Ja,Ja,Nein,Enthaltung,Hat nicht teilgenommen,Ja,Ja,Ja,Nein,Ja,Ja,Nein,Ja,Ja,Ja,Ja,Ja,Ja,Ja,Ja,Ja,Nein,Nein,Enthaltung,Ja,Ja,Ja,Ja,Hat nicht teilgenommen,Ja,Nein,Ja,Entschuldigt,Ja,Ja,Ja,Hat nicht teilgenommen,Ja,Ja,Enthaltung,Nein,Nein,Ja,Nein,Nein,Ja,Ja,Ja,Ja,Ja,Nein,Nein,Ja,Nein,Ja,Nein,Nein,Ja,Nein,Ja,Nein,Der Präsident stimmt nicht,Ja,Ja,Enthaltung,Nein,Hat nicht teilgenommen,Ja,Nein,Ja,Ja,Nein,Ja,Nein,Ja,Ja,Ja,Ja,Nein,Ja,Ja,Nein,Ja,Ja,Nein,Ja,Ja,Ja,Nein,Ja,Ja,Ja,Nein,Ja,Ja,Ja,Nein,Ja,Enthaltung,Enthaltung,Ja,Ja,Ja,Ja,Nein,Ja,Nein,Ja,Ja,Ja,Nein,Ja,Nein,Nein,Ja,Nein,Ja,Nein,Ja,Ja,Ja,Ja,Enthaltung,Ja,Nein,Hat nicht teilgenommen,Ja,Ja,Ja,Nein,Ja,Ja,Ja,Ja,Ja,Ja,Nein,Hat nicht teilgenommen,Ja,Ja,Ja,Ja,Nein,Ja,Ja,Ja,Ja,Ja,Ja,Ja,Ja,Ja,Nein,Nein,Ja,Nein,Ja,Ja,Nein,Ja,Ja,Hat nicht teilgenommen,Ja,Ja,Hat nicht teilgenommen,Ja,Ja,Ja,Enthaltung,Ja,Hat nicht teilgenommen,Ja,Nein,Hat nicht teilgenommen,Ja,Ja,Ja,Nein,Nein,Ja,Nein,Ja,Ja,Ja,Ja,Nein,Nein,Ja,Ja,Nein,Yes,130,49,9,1,10,False
2013-04-17 10:14:19,NR,SiK-SR,EFD,12.3857,Für eine richtige Grenzpolizei und eine bessere Koordination mit den Kantonen,8851,Annahme der Motion,Ablehnung der Motion,,,,Ja,Nein,Ja,Nein,Nein,Ja,Ja,Ja,Nein,Ja,Nein,Ja,Nein,Nein,Hat nicht teilgenommen,Ja,Nein,Ja,Nein,Ja,Ja,Ja,Ja,Ja,Ja,Ja,Ja,Ja,Ja,Ja,Nein,Ja,Ja,Enthaltung,Nein,Ja,Ja,Ja,Hat nicht teilgenommen,Ja,Ja,Ja,Entschuldigt,Ja,Ja,Nein,Hat nicht teilgenommen,Ja,Nein,Ja,Nein,Nein,Ja,Ja,Ja,Ja,Ja,Enthaltung,Nein,Nein,Enthaltung,Nein,Ja,Ja,Ja,Ja,Ja,Ja,Nein,Ja,Ja,Der Präsident stimmt nicht,Nein,Ja,Nein,Nein,Hat nicht teilgenommen,Ja,Ja,Nein,Nein,Ja,Nein,Ja,Ja,Ja,Nein,Ja,Ja,Ja,Ja,Ja,Ja,Ja,Ja,Enthaltung,Nein,Ja,Nein,Nein,Ja,Ja,Nein,Nein,Ja,Ja,Enthaltung,Ja,Enthaltung,Ja,Nein,Ja,Ja,Ja,Nein,Nein,Ja,Nein,Nein,Ja,Ja,Ja,Nein,Nein,Ja,Ja,Ja,Ja,Ja,Ja,Nein,Ja,Enthaltung,Nein,Ja,Hat nicht teilgenommen,Ja,Nein,Ja,Ja,Ja,Ja,Ja,Ja,Nein,Ja,Ja,Hat nicht teilgenommen,Ja,Ja,Ja,Nein,Ja,Ja,Ja,Ja,Ja,Ja,Nein,Ja,Ja,Ja,Nein,Nein,Nein,Ja,Ja,Ja,Ja,Nein,Ja,Hat nicht teilgenommen,Ja,Nein,Nein,Ja,Ja,Nein,Ja,Enthaltung,Hat nicht teilgenommen,Nein,Nein,Hat nicht teilgenommen,Nein,Ja,Ja,Nein,Ja,Ja,Ja,Ja,Nein,Ja,Ja,Ja,Nein,Nein,Ja,Ja,Yes,123,58,8,1,9,False
2013-04-17 10:15:23,NR,SPK-SR,EJPD,12.3909,Bekämpfung der Kriminalität. DNA-Test für bestimmte Asylbewerber,8847,Annahme der Motion,Ablehnung der Motion,,,,Ja,Nein,Ja,Nein,Nein,Ja,Ja,Ja,Nein,Ja,Nein,Ja,Nein,Nein,Hat nicht teilgenommen,Ja,Nein,Ja,Nein,Ja,Ja,Nein,Ja,Ja,Ja,Ja,Ja,Ja,Ja,Ja,Nein,Enthaltung,Nein,Enthaltung,Nein,Ja,Nein,Ja,Hat nicht teilgenommen,Ja,Nein,Ja,Entschuldigt,Ja,Ja,Nein,Hat nicht teilgenommen,Enthaltung,Nein,Enthaltung,Nein,Nein,Ja,Nein,Nein,Ja,Ja,Nein,Nein,Nein,Ja,Nein,Ja,Nein,Ja,Nein,Nein,Ja,Nein,Ja,Ja,Der Präsident stimmt nicht,Nein,Ja,Nein,Nein,Hat nicht teilgenommen,Ja,Ja,Nein,Nein,Ja,Nein,Ja,Ja,Ja,Nein,Ja,Ja,Nein,Nein,Nein,Ja,Ja,Enthaltung,Enthaltung,Nein,Ja,Nein,Nein,Ja,Ja,Nein,Nein,Ja,Ja,Ja,Ja,Nein,Enthaltung,Nein,Ja,Nein,Ja,Nein,Nein,Nein,Nein,Nein,Nein,Nein,Ja,Nein,Nein,Ja,Nein,Ja,Enthaltung,Ja,Ja,Nein,Ja,Ja,Nein,Nein,Hat nicht teilgenommen,Ja,Nein,Ja,Nein,Ja,Enthaltung,Ja,Ja,Nein,Ja,Enthaltung,Hat nicht teilgenommen,Ja,Ja,Ja,Nein,Nein,Ja,Ja,Ja,Ja,Ja,Nein,Ja,Ja,Ja,Nein,Nein,Nein,Ja,Ja,Nein,Enthaltung,Nein,Ja,Hat nicht teilgenommen,Ja,Nein,Nein,Ja,Ja,Nein,Nein,Enthaltung,Hat nicht teilgenommen,Nein,Nein,Hat nicht teilgenommen,Nein,Nein,Ja,Nein,Ja,Ja,Nein,Ja,Nein,Ja,Ja,Ja,Nein,Nein,Ja,Nein,Yes,92,85,12,1,9,False
2013-04-17 10:16:35,NR,,EFD,12.4263,Grenzkontrollen als Massnahme gegen Einbruchswellen und Anstieg der Kriminalität,8848,Annahme der Motion,Ablehnung der Motion,,,,Ja,Nein,Ja,Nein,Nein,Ja,Nein,Ja,Nein,Ja,Nein,Nein,Nein,Nein,Hat nicht teilgenommen,Ja,Nein,Ja,Nein,Ja,Ja,Ja,Ja,Ja,Ja,Ja,Ja,Nein,Enthaltung,Nein,Nein,Nein,Ja,Nein,Nein,Enthaltung,Nein,Ja,Hat nicht teilgenommen,Ja,Nein,Ja,Entschuldigt,Nein,Ja,Nein,Hat nicht teilgenommen,Nein,Nein,Nein,Nein,Nein,Ja,Nein,Nein,Ja,Ja,Nein,Nein,Nein,Nein,Nein,Ja,Nein,Ja,Nein,Nein,Nein,Nein,Nein,Ja,Der Präsident stimmt nicht,Nein,Ja,Nein,Nein,Hat nicht teilgenommen,Ja,Nein,Nein,Nein,Nein,Nein,Nein,Ja,Ja,Nein,Ja,Nein,Ja,Nein,Nein,Nein,Ja,Enthaltung,Nein,Nein,Ja,Nein,Nein,Ja,Ja,Nein,Nein,Ja,Ja,Nein,Enthaltung,Nein,Ja,Nein,Nein,Ja,Ja,Nein,Nein,Nein,Nein,Nein,Nein,Nein,Ja,Nein,Nein,Enthaltung,Nein,Ja,Enthaltung,Nein,Ja,Nein,Nein,Ja,Nein,Nein,Hat nicht teilgenommen,Ja,Nein,Ja,Nein,Ja,Enthaltung,Ja,Ja,Nein,Ja,Nein,Hat nicht teilgenommen,Enthaltung,Ja,Ja,Nein,Nein,Ja,Nein,Ja,Nein,Nein,Nein,Ja,Ja,Ja,Nein,Nein,Nein,Nein,Nein,Nein,Nein,Nein,Nein,Hat nicht teilgenommen,Ja,Nein,Nein,Ja,Ja,Nein,Ja,Nein,Hat nicht teilgenommen,Nein,Nein,Hat nicht teilgenommen,Nein,Nein,Ja,Nein,Nein,Nein,Nein,Ja,Nein,Ja,Ja,Ja,Nein,Nein,Ja,Nein,No,68,113,8,1,9,False
2013-04-17 10:18:41,NR,SPK-SR,EJPD,11.3800,Keine Asylsuchenden aus Safe Countries auf die Kantone verteilen,8852,Annahme der Motion,Ablehnung der Motion,,,,Ja,Nein,Ja,Nein,Nein,Ja,Ja,Ja,Nein,Ja,Nein,Ja,Nein,Nein,Hat nicht teilgenommen,Ja,Nein,Ja,Nein,Ja,Ja,Ja,Ja,Ja,Ja,Ja,Ja,Ja,Ja,Ja,Nein,Ja,Ja,Nein,Nein,Ja,Ja,Ja,Hat nicht teilgenommen,Ja,Ja,Ja,Entschuldigt,Ja,Ja,Nein,Hat nicht teilgenommen,Ja,Nein,Ja,Nein,Nein,Ja,Ja,Ja,Ja,Ja,Nein,Nein,Nein,Hat nicht teilgenommen,Nein,Ja,Ja,Ja,Nein,Nein,Ja,Nein,Ja,Ja,Der Präsident stimmt nicht,Nein,Ja,Nein,Nein,Hat nicht teilgenommen,Ja,Ja,Nein,Nein,Ja,Nein,Ja,Ja,Ja,Nein,Ja,Ja,Ja,Nein,Ja,Ja,Ja,Ja,Nein,Nein,Ja,Nein,Nein,Ja,Ja,Nein,Nein,Ja,Ja,Hat nicht teilgenommen,Ja,Nein,Ja,Nein,Ja,Ja,Ja,Nein,Nein,Ja,Nein,Nein,Ja,Ja,Ja,Nein,Nein,Ja,Ja,Ja,Ja,Ja,Ja,Nein,Ja,Ja,Hat nicht teilgenommen,Ja,Hat nicht teilgenommen,Ja,Nein,Ja,Ja,Ja,Ja,Ja,Ja,Nein,Ja,Ja,Hat nicht teilgenommen,Ja,Ja,Ja,Nein,Ja,Ja,Ja,Ja,Ja,Ja,Nein,Ja,Ja,Ja,Nein,Nein,Nein,Ja,Ja,Enthaltung,Ja,Nein,Ja,Hat nicht teilgenommen,Ja,Nein,Nein,Ja,Ja,Nein,Ja,Nein,Hat nicht teilgenommen,Nein,Nein,Hat nicht teilgenommen,Nein,Enthaltung,Ja,Nein,Ja,Ja,Nein,Ja,Nein,Ja,Ja,Ja,Nein,Nein,Ja,Ja,Yes,118,66,2,1,12,False
2013-04-17 10:19:42,NR,SPK-SR,EJPD,11.3802,Rückführungen per Zug!,8830,Annahme der Motion,Ablehnung der Motion,,,,Ja,Nein,Ja,Nein,Nein,Ja,Nein,Ja,Nein,Ja,Nein,Ja,Nein,Nein,Hat nicht teilgenommen,Ja,Nein,Ja,Nein,Ja,Ja,Ja,Ja,Ja,Ja,Ja,Ja,Nein,Ja,Nein,Nein,Ja,Ja,Enthaltung,Nein,Ja,Nein,Ja,Hat nicht teilgenommen,Ja,Ja,Ja,Entschuldigt,Ja,Ja,Nein,Hat nicht teilgenommen,Ja,Nein,Ja,Nein,Nein,Ja,Ja,Ja,Ja,Ja,Nein,Nein,Nein,Hat nicht teilgenommen,Nein,Ja,Ja,Ja,Nein,Ja,Ja,Nein,Nein,Ja,Der Präsident stimmt nicht,Nein,Ja,Nein,Nein,Hat nicht teilgenommen,Ja,Ja,Nein,Nein,Ja,Nein,Ja,Ja,Hat nicht teilgenommen,Nein,Ja,Ja,Ja,Nein,Ja,Ja,Ja,Ja,Nein,Nein,Ja,Enthaltung,Nein,Ja,Ja,Nein,Nein,Ja,Ja,Hat nicht teilgenommen,Ja,Enthaltung,Ja,Nein,Nein,Ja,Ja,Nein,Nein,Ja,Nein,Nein,Nein,Ja,Ja,Nein,Nein,Ja,Ja,Ja,Ja,Ja,Ja,Nein,Nein,Ja,Hat nicht teilgenommen,Ja,Hat nicht teilgenommen,Ja,Nein,Ja,Ja,Ja,Ja,Ja,Ja,Nein,Ja,Enthaltung,Hat nicht teilgenommen,Ja,Ja,Ja,Nein,Ja,Ja,Ja,Ja,Ja,Nein,Nein,Ja,Ja,Ja,Nein,Nein,Nein,Ja,Nein,Nein,Ja,Nein,Nein,Hat nicht teilgenommen,Ja,Nein,Nein,Ja,Ja,Nein,Ja,Nein,Hat nicht teilgenommen,Nein,Nein,Hat nicht teilgenommen,Nein,Nein,Ja,Nein,Ja,Enthaltung,Ja,Ja,Nein,Ja,Ja,Ja,Nein,Nein,Ja,Nein,Yes,105,75,5,1,13,False
2013-04-17 10:39:50,NR,"WAK-NR, WAK-SR",WBF,12.3988,Drei Dimensionen der Nachhaltigkeit im Landwirtschaftsgesetz,8853,Antrag der Mehrheit (Ablehnung der Motion),Antrag der Minderheit Noser (Annahme der Motion),,,,Ja,Hat nicht teilgenommen,Ja,Nein,Nein,Ja,Ja,Ja,Nein,Ja,Hat nicht teilgenommen,Ja,Nein,Nein,Hat nicht teilgenommen,Ja,Nein,Ja,Hat nicht teilgenommen,Ja,Hat nicht teilgenommen,Ja,Ja,Ja,Ja,Ja,Ja,Ja,Ja,Ja,Nein,Ja,Nein,Nein,Nein,Ja,Ja,Ja,Hat nicht teilgenommen,Ja,Nein,Ja,Entschuldigt,Ja,Ja,Nein,Hat nicht teilgenommen,Ja,Nein,Hat nicht teilgenommen,Nein,Nein,Ja,Hat nicht teilgenommen,Ja,Ja,Ja,Nein,Nein,Nein,Hat nicht teilgenommen,Nein,Ja,Nein,Ja,Nein,Nein,Ja,Nein,Ja,Nein,Der Präsident stimmt nicht,Nein,Ja,Hat nicht teilgenommen,Nein,Hat nicht teilgenommen,Ja,Ja,Nein,Nein,Ja,Nein,Ja,Ja,Ja,Nein,Ja,Ja,Ja,Nein,Hat nicht teilgenommen,Ja,Ja,Nein,Nein,Nein,Ja,Nein,Hat nicht teilgenommen,Ja,Ja,Nein,Nein,Ja,Ja,Hat nicht teilgenommen,Ja,Hat nicht teilgenommen,Ja,Nein,Hat nicht teilgenommen,Ja,Ja,Nein,Nein,Nein,Nein,Nein,Ja,Enthaltung,Ja,Nein,Nein,Ja,Ja,Ja,Ja,Ja,Ja,Nein,Hat nicht teilgenommen,Ja,Hat nicht teilgenommen,Nein,Hat nicht teilgenommen,Ja,Nein,Ja,Nein,Ja,Ja,Ja,Ja,Nein,Ja,Ja,Hat nicht teilgenommen,Ja,Ja,Ja,Nein,Ja,Ja,Ja,Hat nicht teilgenommen,Ja,Ja,Nein,Ja,Ja,Ja,Nein,Nein,Nein,Nein,Ja,Hat nicht teilgenommen,Ja,Nein,Hat nicht teilgenommen,Hat nicht teilgenommen,Ja,Nein,Nein,Ja,Ja,Nein,Nein,Nein,Hat nicht teilgenommen,Nein,Nein,Hat nicht teilgenommen,Nein,Nein,Ja,Nein,Ja,Ja,Nein,Hat nicht teilgenommen,Hat nicht teilgenommen,Ja,Ja,Nein,Nein,Hat nicht teilgenommen,Ja,Ja,Yes,97,70,1,1,30,False
2013-04-17 17:06:31,NR,"SGK-NR, SGK-SR",EDI,12.052,Abtreibungsfinanzierung ist Privatsache - Entlastung der Krankenversicherung durch Streichung der Kosten des Schwangerschaftsabbruchs aus der obligatorischen Grundversicherung. Volksinitiative,8854,Antrag der Mehrheit (Empfehlung auf Ablehnung der Initiative),Antrag der Minderheit Bortoluzzi (Empfehlung auf Annahme der Initiative),Art. 2,Bundesbeschluss über die Volksinitiative «Abtreibungsfinanzierung ist Privatsache – Entlastung der Krankenversicherung durch Streichung der Kosten des Schwangerschaftsabbruchs aus der obligatorischen Grundversicherung»,,Enthaltung,Ja,Nein,Ja,Ja,Hat nicht teilgenommen,Ja,Nein,Ja,Nein,Ja,Ja,Ja,Ja,Ja,Nein,Ja,Nein,Ja,Enthaltung,Nein,Ja,Hat nicht teilgenommen,Nein,Enthaltung,Nein,Ja,Ja,Nein,Nein,Ja,Ja,Ja,Hat nicht teilgenommen,Ja,Enthaltung,Enthaltung,Nein,Hat nicht teilgenommen,Enthaltung,Ja,Nein,Entschuldigt,Ja,Enthaltung,Ja,Hat nicht teilgenommen,Ja,Ja,Ja,Ja,Ja,Nein,Ja,Ja,Nein,Nein,Ja,Ja,Ja,Ja,Ja,Nein,Ja,Nein,Ja,Ja,Ja,Ja,Ja,Ja,Der Präsident stimmt nicht,Ja,Ja,Ja,Ja,Hat nicht teilgenommen,Enthaltung,Ja,Ja,Ja,Ja,Ja,Ja,Enthaltung,Enthaltung,Ja,Nein,Ja,Hat nicht teilgenommen,Ja,Ja,Ja,Ja,Hat nicht teilgenommen,Ja,Ja,Ja,Ja,Hat nicht teilgenommen,Nein,Enthaltung,Ja,Ja,Nein,Nein,Ja,Ja,Ja,Ja,Ja,Hat nicht teilgenommen,Ja,Ja,Ja,Ja,Ja,Ja,Ja,Ja,Ja,Enthaltung,Ja,Ja,Ja,Ja,Enthaltung,Ja,Ja,Enthaltung,Ja,Hat nicht teilgenommen,Hat nicht teilgenommen,Ja,Ja,Ja,Ja,Ja,Ja,Ja,Ja,Ja,Nein,Ja,Ja,Ja,Ja,Nein,Enthaltung,Nein,Entschuldigt,Ja,Ja,Enthaltung,Ja,Enthaltung,Hat nicht teilgenommen,Ja,Ja,Enthaltung,Hat nicht teilgenommen,Ja,Ja,Ja,Ja,Hat nicht teilgenommen,Ja,Ja,Ja,Ja,Ja,Ja,Nein,Ja,Hat nicht teilgenommen,Nein,Hat nicht teilgenommen,Ja,Ja,Nein,Hat nicht teilgenommen,Ja,Ja,Hat nicht teilgenommen,Ja,Ja,Ja,Ja,Ja,Ja,Ja,Nein,Ja,Nein,Enthaltung,Ja,Ja,Ja,Ja,Ja,Yes,130,29,19,2,19,False
2013-04-17 17:58:32,NR,,EDI,11.3514,Gleichstellungsgesetz. Umfassende Informationskampagne,8856,Annahme der Motion,Ablehnung der Motion,,,,Nein,Ja,Nein,Ja,Ja,Hat nicht teilgenommen,Ja,Nein,Ja,Nein,Ja,Nein,Ja,Ja,Ja,Nein,Ja,Nein,Ja,Hat nicht teilgenommen,Hat nicht teilgenommen,Nein,Nein,Nein,Nein,Nein,Nein,Ja,Nein,Nein,Ja,Nein,Nein,Hat nicht teilgenommen,Ja,Nein,Hat nicht teilgenommen,Nein,Hat nicht teilgenommen,Nein,Nein,Nein,Entschuldigt,Nein,Hat nicht teilgenommen,Ja,Hat nicht teilgenommen,Nein,Ja,Nein,Ja,Ja,Nein,Hat nicht teilgenommen,Nein,Nein,Nein,Ja,Ja,Ja,Nein,Ja,Nein,Nein,Nein,Ja,Ja,Nein,Ja,Nein,Nein,Der Präsident stimmt nicht,Ja,Nein,Ja,Ja,Hat nicht teilgenommen,Nein,Hat nicht teilgenommen,Ja,Ja,Ja,Ja,Nein,Nein,Nein,Ja,Nein,Nein,Hat nicht teilgenommen,Ja,Nein,Nein,Nein,Hat nicht teilgenommen,Nein,Ja,Nein,Ja,Hat nicht teilgenommen,Nein,Nein,Ja,Ja,Nein,Nein,Nein,Nein,Ja,Hat nicht teilgenommen,Hat nicht teilgenommen,Hat nicht teilgenommen,Nein,Nein,Ja,Ja,Nein,Ja,Ja,Hat nicht teilgenommen,Nein,Nein,Ja,Ja,Nein,Hat nicht teilgenommen,Nein,Nein,Nein,Hat nicht teilgenommen,Ja,Hat nicht teilgenommen,Hat nicht teilgenommen,Ja,Nein,Ja,Ja,Ja,Nein,Nein,Nein,Nein,Nein,Nein,Ja,Ja,Ja,Nein,Nein,Nein,Entschuldigt,Hat nicht teilgenommen,Hat nicht teilgenommen,Nein,Nein,Nein,Hat nicht teilgenommen,Nein,Ja,Nein,Hat nicht teilgenommen,Nein,Hat nicht teilgenommen,Ja,Ja,Hat nicht teilgenommen,Nein,Ja,Nein,Ja,Nein,Ja,Nein,Ja,Hat nicht teilgenommen,Nein,Hat nicht teilgenommen,Hat nicht teilgenommen,Nein,Nein,Hat nicht teilgenommen,Ja,Ja,Hat nicht teilgenommen,Ja,Ja,Nein,Ja,Nein,Nein,Ja,Nein,Ja,Nein,Nein,Nein,Ja,Ja,Nein,Ja,No,70,94,0,2,33,False
2013-04-17 17:59:25,NR,,EDI,11.3516,Indirekte Diskriminierung angehen,8857,Annahme der Motion,Ablehnung der Motion,,,,Nein,Ja,Nein,Ja,Ja,Hat nicht teilgenommen,Ja,Nein,Ja,Nein,Ja,Nein,Ja,Ja,Ja,Nein,Ja,Nein,Ja,Nein,Nein,Nein,Nein,Nein,Nein,Nein,Nein,Nein,Nein,Nein,Ja,Nein,Nein,Hat nicht teilgenommen,Ja,Nein,Ja,Nein,Hat nicht teilgenommen,Nein,Nein,Nein,Entschuldigt,Nein,Nein,Ja,Hat nicht teilgenommen,Nein,Ja,Nein,Ja,Ja,Nein,Hat nicht teilgenommen,Nein,Nein,Nein,Ja,Ja,Ja,Nein,Ja,Nein,Nein,Nein,Ja,Ja,Nein,Ja,Nein,Nein,Der Präsident stimmt nicht,Ja,Nein,Ja,Ja,Hat nicht teilgenommen,Nein,Ja,Ja,Ja,Ja,Ja,Nein,Nein,Nein,Ja,Nein,Nein,Hat nicht teilgenommen,Ja,Nein,Nein,Nein,Hat nicht teilgenommen,Ja,Ja,Nein,Ja,Hat nicht teilgenommen,Nein,Nein,Ja,Ja,Nein,Nein,Nein,Nein,Ja,Hat nicht teilgenommen,Hat nicht teilgenommen,Hat nicht teilgenommen,Nein,Nein,Ja,Ja,Nein,Ja,Ja,Ja,Enthaltung,Nein,Ja,Ja,Nein,Hat nicht teilgenommen,Nein,Nein,Nein,Hat nicht teilgenommen,Ja,Hat nicht teilgenommen,Hat nicht teilgenommen,Ja,Nein,Ja,Ja,Ja,Nein,Nein,Nein,Nein,Nein,Nein,Ja,Ja,Ja,Enthaltung,Nein,Nein,Entschuldigt,Hat nicht teilgenommen,Hat nicht teilgenommen,Nein,Enthaltung,Nein,Hat nicht teilgenommen,Nein,Ja,Nein,Hat nicht teilgenommen,Nein,Ja,Ja,Ja,Hat nicht teilgenommen,Nein,Ja,Nein,Ja,Nein,Ja,Nein,Ja,Hat nicht teilgenommen,Nein,Hat nicht teilgenommen,Hat nicht teilgenommen,Nein,Ja,Hat nicht teilgenommen,Ja,Ja,Hat nicht teilgenommen,Ja,Ja,Nein,Ja,Nein,Nein,Ja,Nein,Ja,Nein,Nein,Nein,Ja,Ja,Nein,Ja,No,75,93,3,2,26,False
2013-04-17 18:00:18,NR,,EDI,11.3517,Lohntransparenz schaffen,8858,Annahme der Motion,Ablehnung der Motion,,,,Nein,Ja,Nein,Ja,Ja,Hat nicht teilgenommen,Nein,Nein,Ja,Nein,Ja,Nein,Enthaltung,Ja,Ja,Nein,Ja,Nein,Ja,Nein,Nein,Nein,Nein,Nein,Nein,Nein,Nein,Nein,Nein,Nein,Ja,Nein,Nein,Hat nicht teilgenommen,Ja,Nein,Nein,Nein,Hat nicht teilgenommen,Nein,Enthaltung,Nein,Entschuldigt,Nein,Nein,Ja,Hat nicht teilgenommen,Nein,Ja,Enthaltung,Ja,Ja,Nein,Hat nicht teilgenommen,Nein,Nein,Nein,Ja,Ja,Ja,Nein,Ja,Nein,Nein,Nein,Ja,Ja,Nein,Ja,Nein,Nein,Der Präsident stimmt nicht,Ja,Nein,Ja,Ja,Hat nicht teilgenommen,Nein,Nein,Ja,Ja,Ja,Ja,Nein,Nein,Nein,Ja,Nein,Nein,Hat nicht teilgenommen,Ja,Nein,Nein,Nein,Hat nicht teilgenommen,Nein,Ja,Nein,Ja,Hat nicht teilgenommen,Nein,Nein,Ja,Ja,Nein,Nein,Nein,Nein,Ja,Hat nicht teilgenommen,Hat nicht teilgenommen,Hat nicht teilgenommen,Nein,Nein,Enthaltung,Ja,Enthaltung,Ja,Ja,Nein,Enthaltung,Nein,Ja,Ja,Nein,Nein,Nein,Nein,Nein,Hat nicht teilgenommen,Ja,Hat nicht teilgenommen,Hat nicht teilgenommen,Ja,Nein,Ja,Ja,Ja,Nein,Enthaltung,Nein,Nein,Nein,Nein,Ja,Nein,Ja,Nein,Nein,Nein,Entschuldigt,Hat nicht teilgenommen,Hat nicht teilgenommen,Nein,Nein,Nein,Hat nicht teilgenommen,Nein,Ja,Hat nicht teilgenommen,Hat nicht teilgenommen,Nein,Ja,Ja,Ja,Hat nicht teilgenommen,Nein,Ja,Nein,Ja,Nein,Ja,Nein,Ja,Hat nicht teilgenommen,Nein,Hat nicht teilgenommen,Ja,Nein,Nein,Hat nicht teilgenommen,Ja,Ja,Hat nicht teilgenommen,Ja,Ja,Nein,Ja,Nein,Nein,Ja,Nein,Ja,Nein,Nein,Nein,Ja,Ja,Nein,Ja,No,67,98,7,2,25,False
2013-04-17 18:01:19,NR,WBK-SR,WBF,11.3526,Mehr Schweizer Nachwuchs dank Aufhebung des Numerus clausus,8859,Annahme der Motion,Ablehnung der Motion,,,,Nein,Ja,Nein,Ja,Ja,Hat nicht teilgenommen,Ja,Nein,Ja,Nein,Ja,Ja,Ja,Ja,Ja,Nein,Ja,Nein,Ja,Nein,Nein,Nein,Ja,Nein,Nein,Ja,Nein,Ja,Ja,Ja,Ja,Nein,Nein,Hat nicht teilgenommen,Ja,Ja,Ja,Nein,Hat nicht teilgenommen,Nein,Enthaltung,Nein,Entschuldigt,Enthaltung,Nein,Ja,Hat nicht teilgenommen,Ja,Ja,Nein,Ja,Ja,Enthaltung,Hat nicht teilgenommen,Enthaltung,Enthaltung,Ja,Ja,Ja,Hat nicht teilgenommen,Nein,Ja,Enthaltung,Enthaltung,Nein,Ja,Ja,Ja,Ja,Ja,Nein,Der Präsident stimmt nicht,Ja,Ja,Ja,Ja,Hat nicht teilgenommen,Ja,Ja,Ja,Ja,Ja,Ja,Ja,Enthaltung,Nein,Ja,Ja,Ja,Hat nicht teilgenommen,Ja,Nein,Ja,Nein,Hat nicht teilgenommen,Ja,Ja,Nein,Ja,Hat nicht teilgenommen,Nein,Nein,Ja,Ja,Nein,Nein,Ja,Ja,Ja,Hat nicht teilgenommen,Hat nicht teilgenommen,Hat nicht teilgenommen,Nein,Ja,Ja,Ja,Nein,Ja,Ja,Ja,Nein,Nein,Ja,Ja,Ja,Nein,Nein,Nein,Ja,Hat nicht teilgenommen,Ja,Hat nicht teilgenommen,Hat nicht teilgenommen,Ja,Nein,Ja,Ja,Ja,Nein,Nein,Ja,Ja,Ja,Enthaltung,Ja,Ja,Ja,Enthaltung,Ja,Ja,Entschuldigt,Hat nicht teilgenommen,Hat nicht teilgenommen,Ja,Ja,Nein,Hat nicht teilgenommen,Ja,Ja,Nein,Hat nicht teilgenommen,Nein,Ja,Ja,Ja,Hat nicht teilgenommen,Ja,Ja,Nein,Ja,Ja,Ja,Nein,Ja,Hat nicht teilgenommen,Nein,Hat nicht teilgenommen,Ja,Nein,Ja,Hat nicht teilgenommen,Ja,Ja,Hat nicht teilgenommen,Ja,Ja,Nein,Ja,Nein,Ja,Ja,Ja,Ja,Ja,Hat nicht teilgenommen,Enthaltung,Ja,Ja,Enthaltung,Ja,Yes,110,49,12,2,26,False
2013-04-17 18:32:16,NR,UREK-NR,,12.478,Einführung eines Pflichtpfands für Getränkedosen und Getränkeflaschen,8860,Antrag der Mehrheit (keine Folge geben),Antrag der Minderheit Girod (Folge geben),,,,Enthaltung,Enthaltung,Ja,Nein,Nein,Hat nicht teilgenommen,Ja,Ja,Nein,Ja,Nein,Ja,Ja,Nein,Ja,Ja,Nein,Ja,Enthaltung,Ja,Ja,Ja,Ja,Ja,Ja,Hat nicht teilgenommen,Ja,Enthaltung,Ja,Nein,Nein,Ja,Ja,Hat nicht teilgenommen,Nein,Ja,Nein,Ja,Hat nicht teilgenommen,Ja,Ja,Ja,Entschuldigt,Ja,Ja,Enthaltung,Hat nicht teilgenommen,Ja,Nein,Ja,Enthaltung,Ja,Ja,Hat nicht teilgenommen,Ja,Ja,Ja,Hat nicht teilgenommen,Nein,Nein,Ja,Ja,Enthaltung,Ja,Hat nicht teilgenommen,Nein,Nein,Ja,Nein,Nein,Ja,Der Präsident stimmt nicht,Nein,Ja,Nein,Ja,Hat nicht teilgenommen,Nein,Ja,Nein,Nein,Ja,Nein,Hat nicht teilgenommen,Enthaltung,Hat nicht teilgenommen,Nein,Enthaltung,Nein,Hat nicht teilgenommen,Nein,Ja,Nein,Ja,Hat nicht teilgenommen,Nein,Nein,Ja,Nein,Hat nicht teilgenommen,Ja,Ja,Ja,Nein,Ja,Ja,Ja,Hat nicht teilgenommen,Nein,Hat nicht teilgenommen,Hat nicht teilgenommen,Hat nicht teilgenommen,Ja,Enthaltung,Ja,Nein,Ja,Nein,Nein,Nein,Ja,Ja,Ja,Nein,Hat nicht teilgenommen,Ja,Ja,Ja,Ja,Hat nicht teilgenommen,Nein,Hat nicht teilgenommen,Hat nicht teilgenommen,Nein,Ja,Enthaltung,Ja,Nein,Ja,Ja,Ja,Ja,Ja,Ja,Enthaltung,Ja,Ja,Ja,Ja,Ja,Entschuldigt,Hat nicht teilgenommen,Hat nicht teilgenommen,Ja,Nein,Ja,Hat nicht teilgenommen,Nein,Ja,Ja,Hat nicht teilgenommen,Ja,Nein,Nein,Nein,Hat nicht teilgenommen,Nein,Nein,Ja,Nein,Ja,Nein,Ja,Nein,Hat nicht teilgenommen,Ja,Hat nicht teilgenommen,Nein,Ja,Nein,Hat nicht teilgenommen,Nein,Nein,Hat nicht teilgenommen,Nein,Nein,Ja,Hat nicht teilgenommen,Ja,Enthaltung,Nein,Enthaltung,Nein,Enthaltung,Ja,Ja,Enthaltung,Enthaltung,Ja,Ja,Yes,90,58,17,2,32,False
